[1,["b1CDbKKgJKqLytS11pX51z@f9941","6e+23RvlRKt47B/N9UvPhN@f9941","2cozMZPABFP4Zjn2P1bDgq@f9941","6b6riVZwFD3ocFzjcWjueM@f9941","b7t2WruS1FFoyCS18uMLmb@f9941","f0T0dViUNO255E/L9KxAqK@f9941","20g1ukYUVPvKWKBRznAKo+@f9941","20g1ukYUVPvKWKBRznAKo+@6c48a","2cozMZPABFP4Zjn2P1bDgq@6c48a","ddlYojN7ZJjoF1hQ3VYe+d@f9941","54TknWPwVPqJqeCR+Y/Czo@f9941","95EkngnxZFbYuFpsqVTaFr@f9941","692B+hO1tI4KSwBMZG4ieK@f9941","a2zT5dTThGSoz3lZR7UStQ@f9941","5cpDJSPQhOrLNV1JXrSNFs@f9941","abepHt/l1G3bvlsbtqHATQ@f9941","15e5MnzVRMyIBnpGWmaNSH","8buHCIRpxCG5t5LPxY9Ug4@f9941","5co1X5LxlM/Zu1Asve72tr@f9941","33YVAtcmlC2J6VJIXAmDF3@f9941","0a8k5pgoBImJ6EqH0YC9j8@f9941","c4nY0XgHpJmZNLb2dthWwZ@f9941","0asQ9q8KZFgo7SMl4GrEcU","fbnvVdnOdLo6fgpXxqaZr6","7bfP17BYdIkJyssYhayFc4","54TknWPwVPqJqeCR+Y/Czo@6c48a","5cpDJSPQhOrLNV1JXrSNFs@6c48a","6b6riVZwFD3ocFzjcWjueM@6c48a","6e+23RvlRKt47B/N9UvPhN@6c48a","e9sfadnvFHYbBTa5tbaNls@6c48a","95EkngnxZFbYuFpsqVTaFr@6c48a","abepHt/l1G3bvlsbtqHATQ@6c48a","b7t2WruS1FFoyCS18uMLmb@6c48a","2blwPkBcJJSqQdZm3P8mtO"],["node","_spriteFrame","_textureSource","_target","_parent","_customMaterial","root","rewardSpin","nLoading","nHand","lvInfoCount","data","_normalSprite","_hoverSprite","_pressedSprite","_disabledSprite","_skeletonData","_effectAsset"],[["cc.Node",["_name","_layer","_active","_components","_prefab","_parent","_lpos","_children","_lscale","_lrot","_euler"],0,9,4,1,5,2,5,5,5],["cc.Sprite",["_sizeMode","_isTrimmedMode","_type","node","__prefab","_spriteFrame","_color","_customMaterial"],0,1,4,6,5,6],"cc.SpriteFrame",["cc.Node",["_name","_layer","_active","_parent","_components","_prefab","_children","_lpos","_lscale"],0,1,12,4,2,5,5],["cc.Widget",["_alignFlags","_originalWidth","_left","_right","_enabled","_originalHeight","node","__prefab"],-3,1,4],["cc.Label",["_string","_actualFontSize","_fontSize","_overflow","_enableWrapText","_isBold","_lineHeight","_horizontalAlign","node","__prefab","_color"],-5,1,4,5],["cc.UITransform",["node","__prefab","_contentSize","_anchorPoint"],3,1,4,5,5],["cc.Layout",["_resizeMode","_layoutType","_spacingX","_horizontalDirection","_enabled","node","__prefab"],-2,1,4],["cc.Button",["_transition","_zoomScale","_duration","node","__prefab","clickEvents","_normalColor","_target","_normalSprite","_hoverSprite","_pressedSprite","_disabledSprite"],0,1,4,9,5,1,6,6,6,6],["cc.UIOpacity",["_opacity","node","__prefab"],2,1,4],["cc.EffectAsset",["_name","shaders","techniques"],0],["cc.Prefab",["_name"],2],["cc.CompPrefabInfo",["fileId"],2],["46c67OgPutP/aBId6s8NckW",["node","__prefab","lvInfoCount","nHand","nLoading","rewardSpin"],3,1,4,1,1,1,1],["cc.PrefabInfo",["fileId","instance","targetOverrides","nestedPrefabInstanceRoots","root","asset"],-1,1,1],["cc.ClickEvent",["_componentId","handler","target"],1,1],["30d83qzRfZHLYMFn4KA9PG4",["_key","node","__prefab"],2,1,4],["sp.Skeleton",["defaultSkin","defaultAnimation","_premultipliedAlpha","_preCacheMode","node","__prefab"],-1,1,4],["b6e67qfK7NMtbacuFMd2VdZ",["node","__prefab","sBar","btn","spBox","nTargetPos"],3,1,4,1,1,1,1],["sp.SkeletonData",["_name","_atlasText","textureNames","_skeletonJson","textures"],-1,3],["cc.Material",["_name","_props","_states","_defines"],-1]],[[12,0,2],[14,0,1,2,3,4,5,5],[6,0,1,2,1],[0,0,1,5,3,4,3],[0,0,1,5,3,4,6,3],[1,3,4,5,1],[6,0,1,1],[9,1,2,1],[0,0,1,5,7,3,4,6,3],[0,0,2,1,5,7,3,4,6,4],[1,2,0,3,4,5,3],[1,0,3,4,5,2],[6,0,1,2,3,1],[1,1,3,4,6,5,2],[15,0,1,2,3],[1,0,3,4,6,5,2],[0,0,1,7,3,4,6,3],[0,0,1,5,3,4,6,8,3],[0,0,2,1,5,3,4,6,4],[8,0,1,3,4,5,6,7,3],[5,0,1,2,6,3,4,8,9,7],[5,0,7,1,2,3,4,5,8,9,8],[5,0,1,2,3,4,5,8,9,10,7],[16,0,1,2,2],[1,1,3,4,5,2],[5,0,1,2,3,4,8,9,6],[0,0,1,5,7,3,4,8,3],[4,4,0,3,6,7,4],[9,0,1,2,2],[10,0,1,2,4],[11,0,2],[0,0,1,7,3,4,3],[0,0,2,1,5,7,3,4,4],[0,0,2,1,5,3,4,4],[0,0,1,5,3,4,6,9,8,10,3],[3,0,1,3,6,4,5,7,3],[3,0,2,1,3,6,4,5,4],[3,0,1,3,4,5,7,3],[3,0,1,3,4,5,3],[3,0,1,3,4,5,8,3],[13,0,1,2,3,4,5,1],[4,0,1,5,6,7,4],[4,0,2,3,1,6,7,5],[4,0,2,6,7,3],[4,4,0,6,7,3],[7,0,1,2,5,6,4],[7,0,1,2,3,5,6,5],[7,4,0,1,2,5,6,5],[1,3,4,6,5,1],[1,0,3,4,7,5,2],[1,0,3,4,6,7,5,2],[1,0,3,4,2],[8,0,2,1,3,4,5,6,7,8,9,10,11,4],[8,3,4,5,1],[5,0,1,2,3,8,9,5],[17,0,1,2,3,4,5,5],[18,0,1,2,3,4,5,1],[19,0,1,2,3,4,5],[20,0,1,2,3,5]],[[[{"name":"default_btn_normal","rect":{"x":0,"y":0,"width":40,"height":40},"offset":{"x":0,"y":0},"originalSize":{"width":40,"height":40},"rotated":false,"capInsets":[12,12,12,12],"vertices":{"rawPosition":[-20,-20,0,20,-20,0,-20,20,0,20,20,0],"indexes":[0,1,2,2,1,3],"uv":[0,40,40,40,0,0,40,0],"nuv":[0,0,1,0,0,1,1,1],"minPos":{"x":-20,"y":-20,"z":0},"maxPos":{"x":20,"y":20,"z":0}},"packable":true,"pixelsToUnit":100,"pivot":{"x":0.5,"y":0.5},"meshType":0}],[2],0,[0],[2],[7]],[[[29,"../res/prefabs/progress/progress",[{"hash":233866328,"name":"../res/prefabs/progress/progress|sprite-vs:vert|sprite-fs:frag","blocks":[{"name":"ALPHA_TEST_DATA","stageFlags":16,"binding":0,"members":[{"name":"alphaThreshold","type":13,"count":1}],"defines":["USE_ALPHA_TEST"]},{"name":"Constant","stageFlags":16,"binding":1,"members":[{"name":"rate","type":13,"count":1}],"defines":[]}],"samplerTextures":[],"samplers":[],"textures":[],"buffers":[],"images":[],"subpassInputs":[],"attributes":[{"name":"a_position","format":32,"location":0,"defines":[]},{"name":"a_texCoord","format":21,"location":1,"defines":[]},{"name":"a_color","format":44,"location":2,"defines":[]}],"fragColors":[{"name":"cc_FragColor","typename":"vec4","type":16,"count":1,"stageFlags":16,"location":0,"defines":[]}],"descriptors":[{"rate":0,"blocks":[{"name":"CCLocal","stageFlags":1,"tags":{"builtin":"local"},"members":[{"name":"cc_matWorld","typename":"mat4","type":25,"count":1,"precision":"highp "},{"name":"cc_matWorldIT","typename":"mat4","type":25,"count":1,"precision":"highp "},{"name":"cc_lightingMapUVParam","typename":"vec4","type":16,"count":1,"precision":"highp "},{"name":"cc_localShadowBias","typename":"vec4","type":16,"count":1,"precision":"highp "},{"name":"cc_reflectionProbeData1","typename":"vec4","type":16,"count":1,"precision":"highp "},{"name":"cc_reflectionProbeData2","typename":"vec4","type":16,"count":1,"precision":"highp "},{"name":"cc_reflectionProbeBlendData1","typename":"vec4","type":16,"count":1,"precision":"highp "},{"name":"cc_reflectionProbeBlendData2","typename":"vec4","type":16,"count":1,"precision":"highp "}],"defines":["USE_LOCAL"]}],"samplerTextures":[{"name":"cc_spriteTexture","typename":"sampler2D","type":28,"count":1,"stageFlags":16,"tags":{"builtin":"local"},"defines":["USE_TEXTURE"]}],"samplers":[],"textures":[],"buffers":[],"images":[],"subpassInputs":[]},{"rate":1,"blocks":[{"name":"ALPHA_TEST_DATA","stageFlags":16,"binding":0,"members":[{"name":"alphaThreshold","type":13,"count":1}],"defines":["USE_ALPHA_TEST"]},{"name":"Constant","stageFlags":16,"binding":1,"members":[{"name":"rate","type":13,"count":1}],"defines":[]}],"samplerTextures":[],"samplers":[],"textures":[],"buffers":[],"images":[],"subpassInputs":[]},{"rate":2,"blocks":[],"samplerTextures":[],"samplers":[],"textures":[],"buffers":[],"images":[],"subpassInputs":[]},{"rate":3,"blocks":[{"name":"CCGlobal","stageFlags":1,"tags":{"builtin":"global"},"members":[{"name":"cc_time","typename":"vec4","type":16,"count":1,"precision":"highp "},{"name":"cc_screenSize","typename":"vec4","type":16,"count":1,"precision":"mediump "},{"name":"cc_nativeSize","typename":"vec4","type":16,"count":1,"precision":"mediump "},{"name":"cc_probeInfo","typename":"vec4","type":16,"count":1,"precision":"mediump "},{"name":"cc_debug_view_mode","typename":"vec4","type":16,"count":1,"precision":"mediump "}],"defines":[]},{"name":"CCCamera","stageFlags":1,"tags":{"builtin":"global"},"members":[{"name":"cc_matView","typename":"mat4","type":25,"count":1,"precision":"highp "},{"name":"cc_matViewInv","typename":"mat4","type":25,"count":1,"precision":"highp "},{"name":"cc_matProj","typename":"mat4","type":25,"count":1,"precision":"highp "},{"name":"cc_matProjInv","typename":"mat4","type":25,"count":1,"precision":"highp "},{"name":"cc_matViewProj","typename":"mat4","type":25,"count":1,"precision":"highp "},{"name":"cc_matViewProjInv","typename":"mat4","type":25,"count":1,"precision":"highp "},{"name":"cc_cameraPos","typename":"vec4","type":16,"count":1,"precision":"highp "},{"name":"cc_surfaceTransform","typename":"vec4","type":16,"count":1,"precision":"mediump "},{"name":"cc_screenScale","typename":"vec4","type":16,"count":1,"precision":"mediump "},{"name":"cc_exposure","typename":"vec4","type":16,"count":1,"precision":"mediump "},{"name":"cc_mainLitDir","typename":"vec4","type":16,"count":1,"precision":"mediump "},{"name":"cc_mainLitColor","typename":"vec4","type":16,"count":1,"precision":"mediump "},{"name":"cc_ambientSky","typename":"vec4","type":16,"count":1,"precision":"mediump "},{"name":"cc_ambientGround","typename":"vec4","type":16,"count":1,"precision":"mediump "},{"name":"cc_fogColor","typename":"vec4","type":16,"count":1,"precision":"mediump "},{"name":"cc_fogBase","typename":"vec4","type":16,"count":1,"precision":"mediump "},{"name":"cc_fogAdd","typename":"vec4","type":16,"count":1,"precision":"mediump "},{"name":"cc_nearFar","typename":"vec4","type":16,"count":1,"precision":"mediump "},{"name":"cc_viewPort","typename":"vec4","type":16,"count":1,"precision":"mediump "}],"defines":[]}],"samplerTextures":[],"samplers":[],"textures":[],"buffers":[],"images":[],"subpassInputs":[]}],"glsl3":{"vert":"\nprecision highp float;\nlayout(std140) uniform CCGlobal {\n  highp   vec4 cc_time;\n  mediump vec4 cc_screenSize;\n  mediump vec4 cc_nativeSize;\n  mediump vec4 cc_probeInfo;\n  mediump vec4 cc_debug_view_mode;\n};\nlayout(std140) uniform CCCamera {\n  highp   mat4 cc_matView;\n  highp   mat4 cc_matViewInv;\n  highp   mat4 cc_matProj;\n  highp   mat4 cc_matProjInv;\n  highp   mat4 cc_matViewProj;\n  highp   mat4 cc_matViewProjInv;\n  highp   vec4 cc_cameraPos;\n  mediump vec4 cc_surfaceTransform;\n  mediump vec4 cc_screenScale;\n  mediump vec4 cc_exposure;\n  mediump vec4 cc_mainLitDir;\n  mediump vec4 cc_mainLitColor;\n  mediump vec4 cc_ambientSky;\n  mediump vec4 cc_ambientGround;\n  mediump vec4 cc_fogColor;\n  mediump vec4 cc_fogBase;\n  mediump vec4 cc_fogAdd;\n  mediump vec4 cc_nearFar;\n  mediump vec4 cc_viewPort;\n};\n#if USE_LOCAL\n  layout(std140) uniform CCLocal {\n    highp mat4 cc_matWorld;\n    highp mat4 cc_matWorldIT;\n    highp vec4 cc_lightingMapUVParam;\n    highp vec4 cc_localShadowBias;\n    highp vec4 cc_reflectionProbeData1;\n    highp vec4 cc_reflectionProbeData2;\n    highp vec4 cc_reflectionProbeBlendData1;\n    highp vec4 cc_reflectionProbeBlendData2;\n  };\n#endif\n#if SAMPLE_FROM_RT\n  #define QUATER_PI         0.78539816340\n  #define HALF_PI           1.57079632679\n  #define PI                3.14159265359\n  #define PI2               6.28318530718\n  #define PI4               12.5663706144\n  #define INV_QUATER_PI     1.27323954474\n  #define INV_HALF_PI       0.63661977237\n  #define INV_PI            0.31830988618\n  #define INV_PI2           0.15915494309\n  #define INV_PI4           0.07957747155\n  #define EPSILON           1e-6\n  #define EPSILON_LOWP      1e-4\n  #define LOG2              1.442695\n  #define EXP_VALUE         2.71828183\n  #define FP_MAX            65504.0\n  #define FP_SCALE          0.0009765625\n  #define FP_SCALE_INV      1024.0\n  #define GRAY_VECTOR       vec3(0.299, 0.587, 0.114)\n      #define LIGHT_MAP_TYPE_DISABLED 0\n  #define LIGHT_MAP_TYPE_ALL_IN_ONE 1\n  #define LIGHT_MAP_TYPE_INDIRECT_OCCLUSION 2\n  #define REFLECTION_PROBE_TYPE_NONE 0\n  #define REFLECTION_PROBE_TYPE_CUBE 1\n  #define REFLECTION_PROBE_TYPE_PLANAR 2\n  #define REFLECTION_PROBE_TYPE_BLEND 3\n  #define REFLECTION_PROBE_TYPE_BLEND_AND_SKYBOX 4\n      #define LIGHT_TYPE_DIRECTIONAL 0.0\n  #define LIGHT_TYPE_SPHERE 1.0\n  #define LIGHT_TYPE_SPOT 2.0\n  #define LIGHT_TYPE_POINT 3.0\n  #define LIGHT_TYPE_RANGED_DIRECTIONAL 4.0\n  #define IS_DIRECTIONAL_LIGHT(light_type) (abs(float(light_type) - float(LIGHT_TYPE_DIRECTIONAL)) < EPSILON_LOWP)\n  #define IS_SPHERE_LIGHT(light_type) (abs(float(light_type) - float(LIGHT_TYPE_SPHERE)) < EPSILON_LOWP)\n  #define IS_SPOT_LIGHT(light_type) (abs(float(light_type) - float(LIGHT_TYPE_SPOT)) < EPSILON_LOWP)\n  #define IS_POINT_LIGHT(light_type) (abs(float(light_type) - float(LIGHT_TYPE_POINT)) < EPSILON_LOWP)\n  #define IS_RANGED_DIRECTIONAL_LIGHT(light_type) (abs(float(light_type) - float(LIGHT_TYPE_RANGED_DIRECTIONAL)) < EPSILON_LOWP)\n  #define TONE_MAPPING_ACES 0\n  #define TONE_MAPPING_LINEAR 1\n  #define SURFACES_MAX_TRANSMIT_DEPTH_VALUE 999999.0\n  #ifndef CC_SURFACES_DEBUG_VIEW_SINGLE\n    #define CC_SURFACES_DEBUG_VIEW_SINGLE 1\n  #endif\n  #ifndef CC_SURFACES_DEBUG_VIEW_COMPOSITE_AND_MISC\n    #define CC_SURFACES_DEBUG_VIEW_COMPOSITE_AND_MISC 2\n  #endif\n#endif\nin vec3 a_position;\nin vec2 a_texCoord;\nin vec4 a_color;\nout vec4 color;\nout vec2 uv0;\nvec4 vert () {\n  vec4 pos = vec4(a_position, 1);\n  #if USE_LOCAL\n    pos = cc_matWorld * pos;\n  #endif\n  #if USE_PIXEL_ALIGNMENT\n    pos = cc_matView * pos;\n    pos.xyz = floor(pos.xyz);\n    pos = cc_matProj * pos;\n  #else\n    pos = cc_matViewProj * pos;\n  #endif\n  uv0 = a_texCoord;\n  #if SAMPLE_FROM_RT\n    uv0 = cc_cameraPos.w > 1.0 ? vec2(uv0.x, 1.0 - uv0.y) : uv0;\n  #endif\n  color = a_color;\n  return pos;\n}\nvoid main() { gl_Position = vert(); }","frag":"\n  precision highp float;\n  vec4 CCSampleWithAlphaSeparated(sampler2D tex, vec2 uv) {\n  #if CC_USE_EMBEDDED_ALPHA\n    return vec4(texture(tex, uv).rgb, texture(tex, uv + vec2(0.0, 0.5)).r);\n  #else\n    return texture(tex, uv);\n  #endif\n  }\n  #if USE_ALPHA_TEST\n    layout(std140) uniform ALPHA_TEST_DATA {\n      float alphaThreshold;\n    };\n  #endif\n  void ALPHA_TEST (in vec4 color) {\n    #if USE_ALPHA_TEST\n      if (color.a < alphaThreshold) discard;\n    #endif\n  }\n  void ALPHA_TEST (in float alpha) {\n    #if USE_ALPHA_TEST\n      if (alpha < alphaThreshold) discard;\n    #endif\n  }\n  in vec4 color;\n  #define AA 0.02\n  #define PI2 6.28318530718\n  #define RADIUS 0.4\n  #define THICKNESS 0.05\n  layout(std140) uniform Constant {\n    float rate;\n  };\n  #if USE_TEXTURE\n    in vec2 uv0;\n    uniform sampler2D cc_spriteTexture;\n  #endif\nfloat DrawCircle(vec2 uv, vec2 p, float r)\n{\n    uv += p;\n    return smoothstep(r+AA, r-AA, length(uv));\n}\n  vec2 RotationUV(vec2 uv, float d)\n{\n    float s = sin(d);\n    float c = cos(d);\n    mat2 rotMatrix = mat2(c, -s, s, c);\n    return uv * rotMatrix;\n}\n  vec4 frag () {\n    vec4 o = vec4(1, 1, 1, 1);\n    #if USE_TEXTURE\n      o *= CCSampleWithAlphaSeparated(cc_spriteTexture, uv0);\n      #if IS_GRAY\n        float gray  = 0.2126 * o.r + 0.7152 * o.g + 0.0722 * o.b;\n        o.r = o.g = o.b = gray;\n      #endif\n    #endif\n    vec2 uv = 0.5-uv0;\n    float circle = smoothstep(RADIUS+AA, RADIUS-AA, abs(length(uv) - RADIUS) + RADIUS - THICKNESS);\n    float radial = (atan(uv.x, uv.y) / 3.14159265359 * 0.5);\n    float time = rate;\n    radial += time;\n    circle *= step(fract(radial), fract(time));\n    circle = max(circle, DrawCircle(uv, vec2(0,-RADIUS), THICKNESS));\n    circle = max(circle, DrawCircle(RotationUV(vec2(-uv.x, uv.y), PI2 * time), vec2(0,-RADIUS), THICKNESS));\n    o *= color;\n    o *= circle;\n    ALPHA_TEST(o);\n    return o;\n  }\nlayout(location = 0) out vec4 cc_FragColor;\nvoid main() { cc_FragColor = frag(); }"},"glsl1":{"vert":"\nprecision highp float;\nuniform highp mat4 cc_matView;\n  uniform highp mat4 cc_matProj;\n  uniform highp mat4 cc_matViewProj;\n  uniform highp vec4 cc_cameraPos;\n#if USE_LOCAL\n  uniform highp mat4 cc_matWorld;\n#endif\n#if SAMPLE_FROM_RT\n  #define QUATER_PI         0.78539816340\n  #define HALF_PI           1.57079632679\n  #define PI                3.14159265359\n  #define PI2               6.28318530718\n  #define PI4               12.5663706144\n  #define INV_QUATER_PI     1.27323954474\n  #define INV_HALF_PI       0.63661977237\n  #define INV_PI            0.31830988618\n  #define INV_PI2           0.15915494309\n  #define INV_PI4           0.07957747155\n  #define EPSILON           1e-6\n  #define EPSILON_LOWP      1e-4\n  #define LOG2              1.442695\n  #define EXP_VALUE         2.71828183\n  #define FP_MAX            65504.0\n  #define FP_SCALE          0.0009765625\n  #define FP_SCALE_INV      1024.0\n  #define GRAY_VECTOR       vec3(0.299, 0.587, 0.114)\n      #define LIGHT_MAP_TYPE_DISABLED 0\n  #define LIGHT_MAP_TYPE_ALL_IN_ONE 1\n  #define LIGHT_MAP_TYPE_INDIRECT_OCCLUSION 2\n  #define REFLECTION_PROBE_TYPE_NONE 0\n  #define REFLECTION_PROBE_TYPE_CUBE 1\n  #define REFLECTION_PROBE_TYPE_PLANAR 2\n  #define REFLECTION_PROBE_TYPE_BLEND 3\n  #define REFLECTION_PROBE_TYPE_BLEND_AND_SKYBOX 4\n      #define LIGHT_TYPE_DIRECTIONAL 0.0\n  #define LIGHT_TYPE_SPHERE 1.0\n  #define LIGHT_TYPE_SPOT 2.0\n  #define LIGHT_TYPE_POINT 3.0\n  #define LIGHT_TYPE_RANGED_DIRECTIONAL 4.0\n  #define IS_DIRECTIONAL_LIGHT(light_type) (abs(float(light_type) - float(LIGHT_TYPE_DIRECTIONAL)) < EPSILON_LOWP)\n  #define IS_SPHERE_LIGHT(light_type) (abs(float(light_type) - float(LIGHT_TYPE_SPHERE)) < EPSILON_LOWP)\n  #define IS_SPOT_LIGHT(light_type) (abs(float(light_type) - float(LIGHT_TYPE_SPOT)) < EPSILON_LOWP)\n  #define IS_POINT_LIGHT(light_type) (abs(float(light_type) - float(LIGHT_TYPE_POINT)) < EPSILON_LOWP)\n  #define IS_RANGED_DIRECTIONAL_LIGHT(light_type) (abs(float(light_type) - float(LIGHT_TYPE_RANGED_DIRECTIONAL)) < EPSILON_LOWP)\n  #define TONE_MAPPING_ACES 0\n  #define TONE_MAPPING_LINEAR 1\n  #define SURFACES_MAX_TRANSMIT_DEPTH_VALUE 999999.0\n  #ifndef CC_SURFACES_DEBUG_VIEW_SINGLE\n    #define CC_SURFACES_DEBUG_VIEW_SINGLE 1\n  #endif\n  #ifndef CC_SURFACES_DEBUG_VIEW_COMPOSITE_AND_MISC\n    #define CC_SURFACES_DEBUG_VIEW_COMPOSITE_AND_MISC 2\n  #endif\n#endif\nattribute vec3 a_position;\nattribute vec2 a_texCoord;\nattribute vec4 a_color;\nvarying vec4 color;\nvarying vec2 uv0;\nvec4 vert () {\n  vec4 pos = vec4(a_position, 1);\n  #if USE_LOCAL\n    pos = cc_matWorld * pos;\n  #endif\n  #if USE_PIXEL_ALIGNMENT\n    pos = cc_matView * pos;\n    pos.xyz = floor(pos.xyz);\n    pos = cc_matProj * pos;\n  #else\n    pos = cc_matViewProj * pos;\n  #endif\n  uv0 = a_texCoord;\n  #if SAMPLE_FROM_RT\n    uv0 = cc_cameraPos.w > 1.0 ? vec2(uv0.x, 1.0 - uv0.y) : uv0;\n  #endif\n  color = a_color;\n  return pos;\n}\nvoid main() { gl_Position = vert(); }","frag":"\n  precision highp float;\n  vec4 CCSampleWithAlphaSeparated(sampler2D tex, vec2 uv) {\n  #if CC_USE_EMBEDDED_ALPHA\n    return vec4(texture2D(tex, uv).rgb, texture2D(tex, uv + vec2(0.0, 0.5)).r);\n  #else\n    return texture2D(tex, uv);\n  #endif\n  }\n  #if USE_ALPHA_TEST\n          uniform float alphaThreshold;\n  #endif\n  void ALPHA_TEST (in vec4 color) {\n    #if USE_ALPHA_TEST\n      if (color.a < alphaThreshold) discard;\n    #endif\n  }\n  void ALPHA_TEST (in float alpha) {\n    #if USE_ALPHA_TEST\n      if (alpha < alphaThreshold) discard;\n    #endif\n  }\n  varying vec4 color;\n  #define AA 0.02\n  #define PI2 6.28318530718\n  #define RADIUS 0.4\n  #define THICKNESS 0.05\n       uniform float rate;\n  #if USE_TEXTURE\n    varying vec2 uv0;\n    uniform sampler2D cc_spriteTexture;\n  #endif\nfloat DrawCircle(vec2 uv, vec2 p, float r)\n{\n    uv += p;\n    return smoothstep(r+AA, r-AA, length(uv));\n}\n  vec2 RotationUV(vec2 uv, float d)\n{\n    float s = sin(d);\n    float c = cos(d);\n    mat2 rotMatrix = mat2(c, -s, s, c);\n    return uv * rotMatrix;\n}\n  vec4 frag () {\n    vec4 o = vec4(1, 1, 1, 1);\n    #if USE_TEXTURE\n      o *= CCSampleWithAlphaSeparated(cc_spriteTexture, uv0);\n      #if IS_GRAY\n        float gray  = 0.2126 * o.r + 0.7152 * o.g + 0.0722 * o.b;\n        o.r = o.g = o.b = gray;\n      #endif\n    #endif\n    vec2 uv = 0.5-uv0;\n    float circle = smoothstep(RADIUS+AA, RADIUS-AA, abs(length(uv) - RADIUS) + RADIUS - THICKNESS);\n    float radial = (atan(uv.x, uv.y) / 3.14159265359 * 0.5);\n    float time = rate;\n    radial += time;\n    circle *= step(fract(radial), fract(time));\n    circle = max(circle, DrawCircle(uv, vec2(0,-RADIUS), THICKNESS));\n    circle = max(circle, DrawCircle(RotationUV(vec2(-uv.x, uv.y), PI2 * time), vec2(0,-RADIUS), THICKNESS));\n    o *= color;\n    o *= circle;\n    ALPHA_TEST(o);\n    return o;\n  }\nvoid main() { gl_FragColor = frag(); }"},"builtins":{"globals":{"blocks":[{"name":"CCGlobal","defines":[]},{"name":"CCCamera","defines":[]}],"samplerTextures":[],"buffers":[],"images":[]},"locals":{"blocks":[{"name":"CCLocal","defines":["USE_LOCAL"]}],"samplerTextures":[{"name":"cc_spriteTexture","defines":["USE_TEXTURE"]}],"buffers":[],"images":[]},"statistics":{"CC_EFFECT_USED_VERTEX_UNIFORM_VECTORS":56,"CC_EFFECT_USED_FRAGMENT_UNIFORM_VECTORS":2}},"defines":[{"name":"USE_LOCAL","type":"boolean"},{"name":"SAMPLE_FROM_RT","type":"boolean"},{"name":"USE_PIXEL_ALIGNMENT","type":"boolean"},{"name":"CC_USE_EMBEDDED_ALPHA","type":"boolean"},{"name":"USE_ALPHA_TEST","type":"boolean"},{"name":"USE_TEXTURE","type":"boolean"},{"name":"IS_GRAY","type":"boolean"}]}],[{"passes":[{"program":"../res/prefabs/progress/progress|sprite-vs:vert|sprite-fs:frag","blendState":{"targets":[{"blend":true,"blendSrc":2,"blendDst":4,"blendDstAlpha":4}]},"rasterizerState":{"cullMode":0},"depthStencilState":{"depthTest":false,"depthWrite":false},"properties":{"alphaThreshold":{"type":13,"value":[0.5]},"rate":{"type":13,"value":[0.5]}}}]}]]],0,0,[],[],[]],[[{"name":"TileIn","rect":{"x":0,"y":0,"width":68,"height":91},"offset":{"x":0,"y":0},"originalSize":{"width":68,"height":91},"rotated":false,"capInsets":[0,0,0,0],"vertices":{"rawPosition":[-34,-45.5,0,34,-45.5,0,-34,45.5,0,34,45.5,0],"indexes":[0,1,2,2,1,3],"uv":[0,91,68,91,0,0,68,0],"nuv":[0,0,1,0,0,1,1,1],"minPos":{"x":-34,"y":-45.5,"z":0},"maxPos":{"x":34,"y":45.5,"z":0}},"packable":true,"pixelsToUnit":100,"pivot":{"x":0.5,"y":0.5},"meshType":0}],[2],0,[0],[2],[8]],[[[30,"Game"],[31,"Game",33554432,[-9,-10,-11,-12,-13,-14,-15],[[2,-2,[0,"3fLSDrlaFBEpYL78GlgQA6"],[5,720,1280]],[40,-7,[0,"fb+DhA9vRMqr9i5idrAYVo"],-6,-5,-4,-3],[41,45,720,1280,-8,[0,"02I7jW4lJHbL/45c6R6uQX"]]],[1,"dfocowV45EuJEZ92svscIS",null,null,null,-1,0]],[8,"select",33554432,1,[-19,-20,-21,-22,-23,-24,-25],[[2,-16,[0,"813vP03IROLIO5FS9/m4eU"],[5,512,124]],[45,1,1,6,-17,[0,"3aUp+4Q5pIqKDtfazKAPii"]],[28,150,-18,[0,"e2+3zOModPDKz6edI/qoHK"]]],[1,"a5JHCtuOBGNKTrQHBh1weL",null,null,null,1,0],[1,0,-430,0]],[16,"shuffle",33554432,[-30,-31,-32,-33,-34],[[2,-26,[0,"b8EuNrFmBBsIdVOVgCVAot"],[5,130,120]],[10,1,0,-27,[0,"76X5W3MolK4Jn6bDBY+N3x"],26],[19,3,0.9,-29,[0,"6arfRd7r5AmJKlhB/fqDt9"],[[14,"46c67OgPutP/aBId6s8NckW","btnXiPai",1]],[4,4292269782],-28]],[1,"a9544QxCFOTb113Uq0Yh1T",null,null,null,1,0],[1,-211.875,0,0]],[16,"turn",33554432,[-39,-40,-41,-42,-43],[[2,-35,[0,"3ehO5RniNBFozNoJgITqJP"],[5,130,120]],[10,1,0,-36,[0,"cbUKpk4GtKTqfmZ81g6b+R"],31],[19,3,0.9,-38,[0,"a1dO5A7KNCQJO+Wub0UhZj"],[[14,"46c67OgPutP/aBId6s8NckW","btnFanPai",1]],[4,4292269782],-37]],[1,"e4IIky5w9BQZqejbQ+7i+4",null,null,null,1,0],[1,-70.625,0,0]],[16,"clear",33554432,[-48,-49,-50,-51,-52],[[2,-44,[0,"46T1672pVFn5Otl2/EBHvV"],[5,130,120]],[10,1,0,-45,[0,"e54vZijNNDK7H/GFLk/0Dv"],36],[19,3,0.9,-47,[0,"9cZV2rRPpHDrGfz8ChYULL"],[[14,"46c67OgPutP/aBId6s8NckW","btnHePai",1]],[4,4292269782],-46]],[1,"c0uadghkFLWrbAu5AJBzQB",null,null,null,1,0],[1,70.625,0,0]],[16,"back",33554432,[-57,-58,-59,-60,-61],[[2,-53,[0,"3bQlbvJuhHU5rP9Tmcu9qF"],[5,130,120]],[10,1,0,-54,[0,"53c9FxUXZHz4WaGtKdY8DC"],41],[19,3,0.9,-56,[0,"d8L2VcgeRJaJ3jgT+AMSua"],[[14,"46c67OgPutP/aBId6s8NckW","btnTuiPai",1]],[4,4292269782],-55]],[1,"3fHWWDXURHkoJn/HkIPgC+",null,null,null,1,0],[1,211.875,0,0]],[8,"top",33554432,1,[-65,-66,-67,-68,-69],[[12,-62,[0,"a1Pa0oqK5D3q/ReP8MNwSp"],[5,535,100],[0,1,0.5]],[42,40,165,20,489,-63,[0,"94Zq8DdUJB96OASuiyi297"]],[46,1,1,10,1,-64,[0,"50T0/r6o9CD5m8hQroHDD+"]]],[1,"562TzwOENPwL6b3RmFgCXG",null,null,null,1,0],[1,340,584,0]],[8,"Settings",33554432,1,[-74],[[2,-70,[0,"a9qgubTVNBu5kKr6QMoueT"],[5,65,65]],[52,3,0.05,0.95,-72,[0,"83qSetiaRGfowiYOE11cBi"],[[14,"46c67OgPutP/aBId6s8NckW","btnSettings",1]],[4,4292269782],-71,1,2,3,4],[43,8,20.5,-73,[0,"91Z/mRa2BCxZ4dxtvY0WLy"]]],[1,"81J8LQDStIm6hxryC9W4YE",null,null,null,1,0],[1,-307,584,0]],[8,"bottom",33554432,1,[3,4,5,6],[[2,-75,[0,"0eXn1xi9BLfoyXgpWedeUC"],[5,550,100]],[47,false,2,1,15,-76,[0,"9c4a88CjlGo4E/A4vO+cNU"]]],[1,"b8eUgBXxpF5JC4OET8wyFF",null,null,null,1,0],[1,0,-550,0]],[8,"Time",33554432,7,[-79,-80,-81],[[2,-77,[0,"92OHRYAwtBbZtGGG26gjI0"],[5,150,50]],[44,false,32,-78,[0,"53rL46nQhK66xEhuuudakF"]]],[1,"4fQNv2AqdJOJbfJvk54d3A",null,null,null,1,0],[1,-75,0,0]],[8,"Level-info-count",33554432,7,[-84,-85,-86],[[2,-82,[0,"a8r56Nog1LcpixxTVcSqGE"],[5,140,50]],[27,false,32,167,-83,[0,"c0kjnkZ+BAoJ3j8pY2ztyo"]]],[1,"af/0vQJ+VGa5nfS1Q8fNU0",null,null,null,1,0],[1,-230,0,0]],[35,"RewardSpin",33554432,7,[-89,-90],[[[2,-87,[0,"d4w+zsZ7BPjrPlPy9jItu2"],[5,50,50]],-88],4,1],[1,"e1LkpsnlpMJ72j1geXrOC8",null,null,null,1,0],[1,-510,0,0]],[8,"effects",1,1,[-93,-94,-95],[[6,-91,[0,"beJBI1gj5NWJuqzvFCyXNB"]],[28,200,-92,[0,"a2YbQQNipOb7RYOsIcQfbJ"]]],[1,"8ch1a5jhRN7b5eZtca1gxF",null,null,null,1,0],[1,0,-430,0]],[8,"Level",33554432,7,[-98,-99],[[2,-96,[0,"05Rk29G9hA8IjjbXxvguef"],[5,165,50]],[27,false,32,324,-97,[0,"18lssCigJNkaKDnWz4bxq1"]]],[1,"c4Oj6W/jJDkIyChXy5eDTV",null,null,null,1,0],[1,-392.5,0,0]],[26,"bar",33554432,12,[-101,-102,-103],[[6,-100,[0,"3aZLAqZbRPIZP7s/Of1mO7"]]],[1,"a23mTtp4pBBpX3jqfrvEvP",null,null,null,1,0],[1,0.7,0.7,1]],[9,"free",false,33554432,3,[-105,-106,-107],[[2,-104,[0,"26eyRvIaBOPqDZkdhFTs1w"],[5,35,35]]],[1,"bfQZaTN9ZIsK2CM22RQ6iy",null,null,null,1,0],[1,44,38,0]],[9,"free",false,33554432,4,[-109,-110,-111],[[2,-108,[0,"696/CVRtxO3ZZsyNwSnFFU"],[5,35,35]]],[1,"efe2O2AqBLwbznpAtrUTI/",null,null,null,1,0],[1,44,38,0]],[9,"free",false,33554432,5,[-113,-114,-115],[[2,-112,[0,"03Os9+bAVH4Lr7GqIT9+e3"],[5,35,35]]],[1,"9aHNhYOnJKi5Y/CnsdmekO",null,null,null,1,0],[1,44,38,0]],[9,"free",false,33554432,6,[-117,-118,-119],[[2,-116,[0,"f0gAZWcDZDP4HIFiJ8sCSu"],[5,35,35]]],[1,"1660NC64NA2JsA54I5ykMa",null,null,null,1,0],[1,44,38,0]],[9,"e0",false,1,13,[-121,-122,-123],[[6,-120,[0,"3d1juabNNGLY4rcygDALB7"]]],[1,"b6ECMJWKNLSpAvytVN9zDv",null,null,null,1,0],[1,-151.044,0,0]],[9,"e1",false,1,13,[-125,-126,-127],[[6,-124,[0,"89LbcGxVhMB6iHUwkeAbX2"]]],[1,"300Kt2WexDd5poLCwPN9Bx",null,null,null,1,0],[1,-151.044,0,0]],[9,"e2",false,1,13,[-129,-130,-131],[[6,-128,[0,"67PKvprlxGZZmsmQ68QdsD"]]],[1,"0cQV6YKVpOubByrY59X1Zg",null,null,null,1,0],[1,-151.044,0,0]],[26,"Sprite",33554432,15,[-134],[[2,-132,[0,"4dCKD+AQtFsYgYy9a+MLL2"],[5,91,94]],[48,-133,[0,"a7+tDfDx1Ko6O5YVniBXn7"],[4,4278223778],11]],[1,"e2DrWx5CtKqIm2zpfJwl1S",null,null,null,1,0],[1,0.6,0.6,1]],[36,"BoxReward",false,33554432,12,[-137],[[[6,-135,[0,"08Z1W+0OFKE6wX3e4g3Jlw"]],-136],4,1],[1,"58Zgg3l0BFvoLNFuZXgDZm",null,null,null,1,0]],[9,"Level-info-type",false,33554432,7,[-139,-140],[[2,-138,[0,"28XPARQNVBS5eLkY2Mn24u"],[5,120,50]]],[1,"43Gn/K1YVKCpkaEiTf+f1G",null,null,null,1,0],[1,-44.976,0,0]],[4,"title",33554432,3,[[2,-141,[0,"74wTurvwtB4ZZwYBex1YY1"],[5,110,30]],[20,"洗牌",25,25,25,2,false,-142,[0,"c7WZYasIFKArQV++FVP0lp"]],[23,"textShuffle",-143,[0,"d0vC08D35DRqarHRuOlnSJ"]]],[1,"c6rdXoLQVASY/JJ+AjderQ",null,null,null,1,0],[1,0,-41.507,0]],[4,"title",33554432,4,[[2,-144,[0,"8fYNX7rvZG2oD0mHY4z0gM"],[5,110,30]],[20,"翻面",25,25,25,2,false,-145,[0,"49oyD7drFB9ZbAQ8vKiSnO"]],[23,"textTurn",-146,[0,"31C8e03vxP058NpYiurdyL"]]],[1,"62mp9HPQxD7rNTGhf71BDi",null,null,null,1,0],[1,0,-41.507,0]],[4,"title",33554432,5,[[2,-147,[0,"5fRiyjkqhMLowqoYJM2dm0"],[5,110,30]],[20,"消除",25,25,25,2,false,-148,[0,"e2wQowb0xOG68VtK1+M16s"]],[23,"textClear",-149,[0,"cda6lwzO1Oq6HrnJ0o37Pu"]]],[1,"fc3+GsId1L2KkU5wK8wpdQ",null,null,null,1,0],[1,0,-41.507,0]],[4,"title",33554432,6,[[2,-150,[0,"a1mA5hFQ9N2re6v1AsKhZu"],[5,110,30]],[20,"移出",25,25,25,2,false,-151,[0,"f3Z8wmsk5F0Ks1+QlaG4y4"]],[23,"textBack",-152,[0,"aau8Qf41NOX6bRG8I9ibdD"]]],[1,"adPpB3RaRDSI5DHlUaPhBS",null,null,null,1,0],[1,0,-41.507,0]],[3,"ring0",1,20,[[2,-153,[0,"d9fWj611ND8r6xG/eV/hjw"],[5,80,80]],[24,false,-154,[0,"a8T+s2KmJDcauL1TRnFo2S"],42],[7,-155,[0,"e6IPXfCcVB0YzK9CFzKZNE"]]],[1,"0aZvz5/cJMeoC/6k+xK+lf",null,null,null,1,0]],[3,"ring1",1,20,[[2,-156,[0,"8dts6k11FGfZoWpQnh+Zfo"],[5,256,256]],[13,false,-157,[0,"95qnoHCjxLz553k//fnpc9"],[4,4289593340],43],[7,-158,[0,"4f2e/SYnFCq6HdVAsiVb7s"]]],[1,"30SNEiuHJL7owGNbw0OYTm",null,null,null,1,0]],[3,"ring2",1,20,[[2,-159,[0,"315IVMLdpB0YWOfoVMliKl"],[5,256,256]],[13,false,-160,[0,"c9weHwydNKuJ0UlXPYpt+J"],[4,4289593340],44],[7,-161,[0,"14R1UEl9pMnKZK/3eYBgvL"]]],[1,"20Sq/Svh9BAYJk3z+fFEBQ",null,null,null,1,0]],[3,"ring0",1,21,[[2,-162,[0,"22TdmZ8EZP8os+ck8IPmBH"],[5,80,80]],[24,false,-163,[0,"3f1Z6EidFAS7sRNxk3rBij"],45],[7,-164,[0,"e4yfsITGRF2YwAf8gUpRLI"]]],[1,"49JWefn25HDoWWXO4Nbetv",null,null,null,1,0]],[3,"ring1",1,21,[[2,-165,[0,"f1pgPVUY5BcIL1BHtMFMmC"],[5,256,256]],[13,false,-166,[0,"fcR7u1aKBKkabS88zrjp5S"],[4,4289593340],46],[7,-167,[0,"80/9/zFbVIBoWAAKQn4NaN"]]],[1,"70qJ+uJihI0Z4c3oNBiqXD",null,null,null,1,0]],[3,"ring2",1,21,[[2,-168,[0,"a9cvWZgOlFfY857SaVP5hV"],[5,256,256]],[13,false,-169,[0,"87BvKu6P9DpqoL89tOc5Mn"],[4,4289593340],47],[7,-170,[0,"3fs6oos6VJRJzN9Vb+IRAR"]]],[1,"2aHfg8839Ci58VkYaL5fPq",null,null,null,1,0]],[3,"ring0",1,22,[[2,-171,[0,"12+rXzu/NOsavcoGBoavg+"],[5,80,80]],[24,false,-172,[0,"c5j5lEDIxB/qjihDFtyMIU"],48],[7,-173,[0,"eeFprKsR9Cwbe/8GkAEdCJ"]]],[1,"8aC/krxLBEWZlD/W1CZ9Po",null,null,null,1,0]],[3,"ring1",1,22,[[2,-174,[0,"f4EUNom2ZAeaFwd2OvPNWF"],[5,256,256]],[13,false,-175,[0,"84vbEoF5FC0YIYJlxZYBsw"],[4,4289593340],49],[7,-176,[0,"1b6DFF56RIKJaFJ263aocn"]]],[1,"04Fo3qqQtL6q/0C9pYCACL",null,null,null,1,0]],[3,"ring2",1,22,[[2,-177,[0,"c1gEZajpZLKbfyoBm5ZDhd"],[5,256,256]],[13,false,-178,[0,"14jShqx3RMKLF9+G3kDmoG"],[4,4289593340],50],[7,-179,[0,"06ftVlNIFIhIx4ChezAd3l"]]],[1,"ecxjnsCv9JXL/VVLGw2OBO",null,null,null,1,0]],[32,"hand",false,33554432,1,[-181],[[6,-180,[0,"77GN4VNZVEiLFDHyqmD6VO"]]],[1,"ffifbRYDtAKIzyq+SGlrio",null,null,null,1,0]],[33,"loading",false,33554432,1,[[6,-182,[0,"dfIDcPw19H340aXFwRRzTQ"]],[49,0,-183,[0,"cbGWpFoNFJS76XVsUHeGSv"],52,53]],[1,"3dlm1ch65OEqbriEogPI/1",null,null,null,1,0]],[3,"icon",33554432,8,[[2,-184,[0,"16DanwZ3pJLqsBSMIOh+Jx"],[5,65,65]],[15,0,-185,[0,"79hzVOtd9ERZteirs4kmcl"],[4,3707764735],0]],[1,"3dfPfGZ9BBKalWaBtjdk3G",null,null,null,1,0]],[3,"bg",33554432,10,[[2,-186,[0,"29W1QZSLVFgbxmKequhxBP"],[5,150,50]],[10,1,0,-187,[0,"79yHOnNT5J/5M+xZo+oWXg"],5]],[1,"33Ev9P3TBGZJOypwt3q9lB",null,null,null,1,0]],[4,"Label",33554432,10,[[2,-188,[0,"4axANnU2dESas5bV7grd/R"],[5,100,50.4]],[54,"00:00",31,30,2,-189,[0,"65W5CYsFhHBo+o65zNNeui"]]],[1,"8dJyk05vRP45dFn1SLezdi",null,null,null,1,0],[1,13.931,1,0]],[4,"icon",33554432,10,[[2,-190,[0,"29DN1bQV9GIJaGYFmSlgXH"],[5,30,30]],[5,-191,[0,"867/0XshhOj5ofkkkbVVot"],6]],[1,"a06SBeK3lG1oY8ZfIzEKkO",null,null,null,1,0],[1,-46.756,0,0]],[3,"Sprite",33554432,11,[[2,-192,[0,"a2lVP6kQxKa5t2EJzlbUaF"],[5,140,50]],[10,1,0,-193,[0,"5f4aahqfZCMJabPAzgpBwm"],7]],[1,"8c9PV3y5xPB6xM7FJkG97o",null,null,null,1,0]],[34,"Sprite-001",33554432,11,[[2,-194,[0,"a5GN0RGzBMhL9WJ9ISIdCI"],[5,39,50]],[5,-195,[0,"31JGdo689B9q58LWD4Lrv5"],8]],[1,"36fjd8xwlPMqlieXmSPo91",null,null,null,1,0],[1,-37.05,0.695,0],[3,0,0,0.7071067811865475,0.7071067811865476],[1,0.8,0.8,1],[1,0,0,90]],[37,"lv",33554432,11,[[[2,-196,[0,"2fD9332PJHmYkazQXh5wk4"],[5,70,40]],-197],4,1],[1,"27q+lGX25F9q2rfHDYOyIc",null,null,null,1,0],[1,21.62,0,0]],[3,"Sprite",33554432,14,[[2,-198,[0,"62PrDx68ZNYKIR42zyEWjy"],[5,165,50]],[10,1,0,-199,[0,"61E9T//EFEW62g457g0zmc"],9]],[1,"feFGpB4QVNdLtXxiObRt4s",null,null,null,1,0]],[3,"lv",33554432,14,[[2,-200,[0,"7ez+35P/lNM6RupXu+VCiw"],[5,120,40]],[25,"关卡 1",30,30,2,false,-201,[0,"cex3uiUwRCtL4JwfK6ZlKt"]]],[1,"c29AcB1m9FK4hpHGXjIO6Z",null,null,null,1,0]],[3,"sprite",33554432,23,[[2,-202,[0,"5aIi/TAnVPP7vmXjSo3Tl2"],[5,83,86]],[5,-203,[0,"c7wajw/05AAbZ8/Baj2Zsr"],10]],[1,"eebiH/3lpIIbFSM8h85xfX",null,null,null,1,0]],[3,"progress-bg",33554432,15,[[6,-204,[0,"30FtF1/sNEDapRVMrFMJiD"]],[50,0,-205,[0,"92OjQqq5VNRpZSpGdN9H/I"],[4,1157627904],12,13]],[1,"36Kt048hZEWabEVW79Npr0",null,null,null,1,0]],[38,"progress",33554432,15,[[[6,-206,[0,"bciW2Pdk1B+71VDSsL046Q"]],-207],4,1],[1,"29FujXl49HJpsHnjOd+bNo",null,null,null,1,0]],[39,"Node",33554432,24,[[[12,-208,[0,"e3y6rzw8tCiqZjCEWNEsBW"],[5,141.47000122070312,119],[0,0.4125256245619583,0.6395798370617778]],-209],4,1],[1,"5fo9PDD/FFp7pW8a+ev54E",null,null,null,1,0],[1,-0.7,0.7,1]],[3,"Sprite",33554432,25,[[2,-210,[0,"baHT2lEhtPDII5CMFV3eJp"],[5,120,50]],[10,1,0,-211,[0,"a4GlV7L0xM5qJKDrNZmVyc"],14]],[1,"1cM7GwVUtPEJWn4u0+ylYF",null,null,null,1,0]],[3,"type",33554432,25,[[2,-212,[0,"6d04eEwoRIDbJmCCmoY4GC"],[5,110,40]],[25,"种类 1",30,30,2,false,-213,[0,"8bd2KGtipNkJff9o3h3r8e"]]],[1,"52wmgLJ4FLRKsjSXQMJypb",null,null,null,1,0]],[4,"TileIn",33554432,2,[[2,-214,[0,"5eBWDgk+BC3JrV0Zj8O8fq"],[5,68,91]],[5,-215,[0,"b72qdNlZ1M+Ix/8+nyj1Y5"],15]],[1,"604b7wc7RHo4Xkfi6smxJ3",null,null,null,1,0],[1,-222,0,0]],[4,"TileIn",33554432,2,[[2,-216,[0,"74rPXCB75JuIZYmJjWSNtN"],[5,68,91]],[5,-217,[0,"e3jxdpn3tGsonkzg8wOCRV"],16]],[1,"b7p2AitJJO76dY4lelJ77j",null,null,null,1,0],[1,-148,0,0]],[4,"TileIn",33554432,2,[[2,-218,[0,"0cnTNvp4FBrZypLJC58u9X"],[5,68,91]],[5,-219,[0,"cfD6jElYxO6Y6CUZ5YJ75H"],17]],[1,"38+FvFLuZGcKIRbtVzylpy",null,null,null,1,0],[1,-74,0,0]],[3,"TileIn",33554432,2,[[2,-220,[0,"18a2BbnE1IZahOSyLPd8+j"],[5,68,91]],[5,-221,[0,"dbXMhP5tBGuoAg3CXMCSnI"],18]],[1,"3f82jWEehLBLUJG3eF8Ppd",null,null,null,1,0]],[4,"TileIn",33554432,2,[[2,-222,[0,"60CCidDi9EF7ZpEpmrYhXd"],[5,68,91]],[5,-223,[0,"5ecj4mR7dC7Zvk1msbNK49"],19]],[1,"e02oIrBBFDXZmiJQ935YkZ",null,null,null,1,0],[1,74,0,0]],[4,"TileIn",33554432,2,[[2,-224,[0,"7eUVOAdV1PBbb8L1DFesjn"],[5,68,91]],[5,-225,[0,"9bYg9orl5IurL0Kehd07l8"],20]],[1,"2dFLyHeU9Cf7ST5inm0ISZ",null,null,null,1,0],[1,148,0,0]],[4,"TileIn",33554432,2,[[2,-226,[0,"dcOfaqpHNIYobix1GPh9eB"],[5,68,91]],[5,-227,[0,"0f/rBEQGRAuKvkIHOrK107"],21]],[1,"61fV4+qn5CbbR+JOlOL6yO",null,null,null,1,0],[1,222,0,0]],[17,"Sprite",33554432,3,[[2,-228,[0,"74IRH87MVBE5MDqexcML+x"],[5,95,92]],[5,-229,[0,"0eRygBNV1KBI79aq6hBLfX"],22]],[1,"caEcSmAz5JepwQOgkMllxf",null,null,null,1,0],[1,-1.677,9.392,0],[1,0.82,0.82,1]],[4,"add",33554432,3,[[2,-230,[0,"bcEcPmt35OA71XzfZfjHwh"],[5,32,32]],[11,0,-231,[0,"39KvVZEgZMNYaty3qdoLGG"],23]],[1,"2dCQBZykhAy5zfNLwinyIy",null,null,null,1,0],[1,44.75,42.645,0]],[18,"count",false,33554432,3,[[12,-232,[0,"6cbm1mut9CJKjWrmQy9SVU"],[5,60,50],[0,1,0.5]],[21,"0",2,25,25,2,false,true,-233,[0,"acsxaYbi1GS5DXUBHzDChT"]]],[1,"1aP552aGJLiJUygCzsS1nr",null,null,null,1,0],[1,56,43,0]],[4,"tuoyuan",33554432,16,[[2,-234,[0,"58KYptgGFJZpW49Cy9aPO1"],[5,35,35]],[15,0,-235,[0,"0dJBNcyzVOG5CzgJEXi9hZ"],[4,838860800],24]],[1,"ecsO9eyddGz4LlCCV6visZ",null,null,null,1,0],[1,-3,-5,0]],[3,"tuoyuan-001",33554432,16,[[2,-236,[0,"86h2CZqhNGlp7UCKXOJqiO"],[5,35,35]],[11,0,-237,[0,"9evt5JgLhNOK6uDulAdBAF"],25]],[1,"82EXlWll9JwLcNfjIPxi6o",null,null,null,1,0]],[3,"count",33554432,16,[[2,-238,[0,"989ubjq7BArav90XRWMhRO"],[5,50,50]],[22,"9",25,25,2,false,true,-239,[0,"04lVOoTn5Aho8RtctyrStI"],[4,4278521969]]],[1,"3fEgJ/z+tJxL3iYL5Na62b",null,null,null,1,0]],[17,"Sprite",33554432,4,[[2,-240,[0,"03VgZXBHBEfZz2OGIeRDp9"],[5,100,98]],[5,-241,[0,"49KPlCCo1Lco1ehRp0/H4r"],27]],[1,"05qqzgipNJC6q7iX3q3wzj",null,null,null,1,0],[1,-8.94,11.071,0],[1,0.76,0.76,1]],[4,"add",33554432,4,[[2,-242,[0,"bbqGkfKhJC1brpk/89XKJO"],[5,32,32]],[11,0,-243,[0,"60O+xIatNCbqupzHEzUCvr"],28]],[1,"44yewSk5RGXoJxsd1t8G6U",null,null,null,1,0],[1,44.75,42.645,0]],[18,"count",false,33554432,4,[[12,-244,[0,"035ShhfS5M+YwyzncjM/AT"],[5,60,50],[0,1,0.5]],[21,"0",2,25,25,2,false,true,-245,[0,"a4xOXme3dIZaLZ7N/bQChO"]]],[1,"abwstVDstKJJwiCMgKuyw4",null,null,null,1,0],[1,56,43,0]],[4,"tuoyuan",33554432,17,[[2,-246,[0,"9esbiEW7dAGpzgmIii1yFV"],[5,35,35]],[15,0,-247,[0,"a0i8f92m1B6oCWBgYaKdGI"],[4,838860800],29]],[1,"965jObF0tJw6c8Y1JmkZaK",null,null,null,1,0],[1,-3,-5,0]],[3,"tuoyuan-001",33554432,17,[[2,-248,[0,"5b+FPGI0hOEKsJJPngxvwR"],[5,35,35]],[11,0,-249,[0,"e6RRk0LwhM04C0dPVt3Y8a"],30]],[1,"afcC/ClaxJsbZvqJT8J1+F",null,null,null,1,0]],[3,"count",33554432,17,[[2,-250,[0,"f5elATHjlHS4kkEZ87htrI"],[5,50,50]],[22,"9",25,25,2,false,true,-251,[0,"7fpqhc951EdYyslbOAYueD"],[4,4278521969]]],[1,"4eBQ86UnlAe5Pk3q+bxzNK",null,null,null,1,0]],[17,"Sprite",33554432,5,[[2,-252,[0,"88TlBPxyJNAqCJ48SgcE62"],[5,83,84]],[5,-253,[0,"4eYuOtF8tHcq05JquGMNil"],32]],[1,"43X5IJhiJHNZR8lDtr76Gp",null,null,null,1,0],[1,-4.811,11.286,0],[1,0.9,0.9,1]],[4,"add",33554432,5,[[2,-254,[0,"dfA1BSgC9P5JrQKrDp8Ekc"],[5,32,32]],[11,0,-255,[0,"85iz3+pl5FaquEGGO3XCbu"],33]],[1,"8ejXJk+PlPP4Vk3kVB6yH3",null,null,null,1,0],[1,44.75,42.645,0]],[18,"count",false,33554432,5,[[12,-256,[0,"2aAL6NJ2VLEaSBRae07TAl"],[5,60,50],[0,1,0.5]],[21,"0",2,25,25,2,false,true,-257,[0,"b4CDSM4fVK8abHYitN3EsL"]]],[1,"b07U4/EhZAzZ6VD45FVZtA",null,null,null,1,0],[1,56,43,0]],[4,"tuoyuan",33554432,18,[[2,-258,[0,"b7D+JvNpBE3J6WgJDJflU9"],[5,35,35]],[15,0,-259,[0,"c02NscfAhPa7Tr/sN45awn"],[4,838860800],34]],[1,"6dRCytKulHs7/j+o7JCbqF",null,null,null,1,0],[1,-3,-5,0]],[3,"tuoyuan-001",33554432,18,[[2,-260,[0,"10VTnk5P9KE6ae27aKYVHR"],[5,35,35]],[11,0,-261,[0,"61g6zcHYhEN7jQU96A2dkC"],35]],[1,"b7Y7b++P5BpJ0y5Lb9Uamd",null,null,null,1,0]],[3,"count",33554432,18,[[2,-262,[0,"2cSHgCDNZPvpnOHFdLOpFn"],[5,50,50]],[22,"9",25,25,2,false,true,-263,[0,"13F0qmKr9Daoo6E9ztl1A9"],[4,4278521969]]],[1,"16nldFdhlJ24+kiuTBUwIk",null,null,null,1,0]],[17,"Sprite",33554432,6,[[2,-264,[0,"f40uWsNsdIZbihdC0uvLg/"],[5,80,85]],[5,-265,[0,"41ZQykN8BMxIK8WOwfutyz"],37]],[1,"af8TAb+rNLO5YCUpM+dFTt",null,null,null,1,0],[1,-4.811,12.27,0],[1,0.9,0.9,1]],[4,"add",33554432,6,[[2,-266,[0,"2aXPaikSRMsYy90Hvrd1ye"],[5,32,32]],[11,0,-267,[0,"db7QetfKdFu6BvS3MmqpQK"],38]],[1,"670tTUDLBLCKNRN/ZU2CqW",null,null,null,1,0],[1,44.75,42.645,0]],[18,"count",false,33554432,6,[[12,-268,[0,"29VaLWDVlLnKuWEu9lTO4E"],[5,60,50],[0,1,0.5]],[21,"0",2,25,25,2,false,true,-269,[0,"e4J+BmO1tGfbicTCuvVANO"]]],[1,"1dXXcXEHlK3KlDXWbBvDdE",null,null,null,1,0],[1,56,43,0]],[4,"tuoyuan",33554432,19,[[2,-270,[0,"5d1mzkAdxHdKIDH9JBl42a"],[5,35,35]],[15,0,-271,[0,"f4QykrYzpKUotnFhVYOulC"],[4,838860800],39]],[1,"f4M+xyI4dNHpDAYd23ga1t",null,null,null,1,0],[1,-3,-5,0]],[3,"tuoyuan-001",33554432,19,[[2,-272,[0,"83K5fmBeNIcZ6Tx4mWA/1C"],[5,35,35]],[11,0,-273,[0,"50Tu2O1cBF4IubRAxejSJ5"],40]],[1,"36+j79TqNN541taULiv7VA",null,null,null,1,0]],[3,"count",33554432,19,[[2,-274,[0,"391tMUpTBFhrH/nVISn+Um"],[5,50,50]],[22,"9",25,25,2,false,true,-275,[0,"7eumGp43hINKYKnCtCTFRW"],[4,4278521969]]],[1,"69P7qG/31K8LGZ1lEeeO23",null,null,null,1,0]],[3,"h1",33554432,39,[[12,-276,[0,"31AZdg62tDCpTYbR3VFbSe"],[5,98,112],[0,0.2,0.8]],[5,-277,[0,"7ffPxCifNFma3eDihZVVPH"],51]],[1,"ebYc0SofZK1Lq4XmbdJxgF",null,null,null,1,0]],[25,"0",30,30,2,false,47,[0,"923y7rra1OP7S78l1gOqhh"]],[51,0,52,[0,"02QH8fCFhFN6UHkcT6IbBs"]],[55,"default","gift_fly_show",false,0,53,[0,"devhn5pVRLs6ok9H1MA0Vo"]],[53,24,[0,"ea5AD80ghAeI3Jjq4QUSzT"],[[14,"b6e67qfK7NMtbacuFMd2VdZ","btnClick",12]]],[56,12,[0,"5dnsQj599MAYFF3KJDuiVU"],89,91,90,8]],0,[0,6,1,0,0,1,0,7,92,0,8,40,0,9,39,0,10,88,0,0,1,0,0,1,0,-1,8,0,-2,7,0,-3,2,0,-4,9,0,-5,13,0,-6,39,0,-7,40,0,0,2,0,0,2,0,0,2,0,-1,56,0,-2,57,0,-3,58,0,-4,59,0,-5,60,0,-6,61,0,-7,62,0,0,3,0,0,3,0,3,3,0,0,3,0,-1,63,0,-2,64,0,-3,65,0,-4,26,0,-5,16,0,0,4,0,0,4,0,3,4,0,0,4,0,-1,69,0,-2,70,0,-3,71,0,-4,27,0,-5,17,0,0,5,0,0,5,0,3,5,0,0,5,0,-1,75,0,-2,76,0,-3,77,0,-4,28,0,-5,18,0,0,6,0,0,6,0,3,6,0,0,6,0,-1,81,0,-2,82,0,-3,83,0,-4,29,0,-5,19,0,0,7,0,0,7,0,0,7,0,-1,10,0,-2,11,0,-3,14,0,-4,12,0,-5,25,0,0,8,0,3,8,0,0,8,0,0,8,0,-1,41,0,0,9,0,0,9,0,0,10,0,0,10,0,-1,42,0,-2,43,0,-3,44,0,0,11,0,0,11,0,-1,45,0,-2,46,0,-3,47,0,0,12,0,-2,92,0,-1,15,0,-2,24,0,0,13,0,0,13,0,-1,20,0,-2,21,0,-3,22,0,0,14,0,0,14,0,-1,48,0,-2,49,0,0,15,0,-1,23,0,-2,51,0,-3,52,0,0,16,0,-1,66,0,-2,67,0,-3,68,0,0,17,0,-1,72,0,-2,73,0,-3,74,0,0,18,0,-1,78,0,-2,79,0,-3,80,0,0,19,0,-1,84,0,-2,85,0,-3,86,0,0,20,0,-1,30,0,-2,31,0,-3,32,0,0,21,0,-1,33,0,-2,34,0,-3,35,0,0,22,0,-1,36,0,-2,37,0,-3,38,0,0,23,0,0,23,0,-1,50,0,0,24,0,-2,91,0,-1,53,0,0,25,0,-1,54,0,-2,55,0,0,26,0,0,26,0,0,26,0,0,27,0,0,27,0,0,27,0,0,28,0,0,28,0,0,28,0,0,29,0,0,29,0,0,29,0,0,30,0,0,30,0,0,30,0,0,31,0,0,31,0,0,31,0,0,32,0,0,32,0,0,32,0,0,33,0,0,33,0,0,33,0,0,34,0,0,34,0,0,34,0,0,35,0,0,35,0,0,35,0,0,36,0,0,36,0,0,36,0,0,37,0,0,37,0,0,37,0,0,38,0,0,38,0,0,38,0,0,39,0,-1,87,0,0,40,0,0,40,0,0,41,0,0,41,0,0,42,0,0,42,0,0,43,0,0,43,0,0,44,0,0,44,0,0,45,0,0,45,0,0,46,0,0,46,0,0,47,0,-2,88,0,0,48,0,0,48,0,0,49,0,0,49,0,0,50,0,0,50,0,0,51,0,0,51,0,0,52,0,-2,89,0,0,53,0,-2,90,0,0,54,0,0,54,0,0,55,0,0,55,0,0,56,0,0,56,0,0,57,0,0,57,0,0,58,0,0,58,0,0,59,0,0,59,0,0,60,0,0,60,0,0,61,0,0,61,0,0,62,0,0,62,0,0,63,0,0,63,0,0,64,0,0,64,0,0,65,0,0,65,0,0,66,0,0,66,0,0,67,0,0,67,0,0,68,0,0,68,0,0,69,0,0,69,0,0,70,0,0,70,0,0,71,0,0,71,0,0,72,0,0,72,0,0,73,0,0,73,0,0,74,0,0,74,0,0,75,0,0,75,0,0,76,0,0,76,0,0,77,0,0,77,0,0,78,0,0,78,0,0,79,0,0,79,0,0,80,0,0,80,0,0,81,0,0,81,0,0,82,0,0,82,0,0,83,0,0,83,0,0,84,0,0,84,0,0,85,0,0,85,0,0,86,0,0,86,0,0,87,0,0,87,0,11,1,3,4,9,4,4,9,5,4,9,6,4,9,277],[0,0,0,0,0,0,0,0,0,0,0,0,0,0,0,0,0,0,0,0,0,0,0,0,0,0,0,0,0,0,0,0,0,0,0,0,0,0,0,0,0,0,0,0,0,0,0,0,0,0,0,0,0,0,89,89,90],[1,12,13,14,15,1,1,1,1,1,1,1,5,1,1,1,1,1,1,1,1,1,1,1,1,1,1,1,1,1,1,1,1,1,1,1,1,1,1,1,1,1,1,1,1,1,1,1,1,1,1,1,5,1,5,1,16],[9,6,6,10,11,0,12,0,13,0,14,15,16,3,0,2,2,2,2,2,2,2,17,5,1,1,0,18,5,1,1,0,19,5,1,1,0,20,5,1,1,0,3,4,4,3,4,4,3,4,4,21,22,3,23,3,24]],[[{"name":"default_btn_pressed","rect":{"x":0,"y":0,"width":40,"height":40},"offset":{"x":0,"y":0},"originalSize":{"width":40,"height":40},"rotated":false,"capInsets":[12,12,12,12],"vertices":{"rawPosition":[-20,-20,0,20,-20,0,-20,20,0,20,20,0],"indexes":[0,1,2,2,1,3],"uv":[0,40,40,40,0,0,40,0],"nuv":[0,0,1,0,0,1,1,1],"minPos":{"x":-20,"y":-20,"z":0},"maxPos":{"x":20,"y":20,"z":0}},"packable":true,"pixelsToUnit":100,"pivot":{"x":0.5,"y":0.5},"meshType":0}],[2],0,[0],[2],[25]],[[{"name":"图层 2 拷贝","rect":{"x":0,"y":0,"width":83,"height":86},"offset":{"x":0,"y":0},"originalSize":{"width":83,"height":86},"rotated":false,"capInsets":[0,0,0,0],"vertices":{"rawPosition":[-41.5,-43,0,41.5,-43,0,-41.5,43,0,41.5,43,0],"indexes":[0,1,2,2,1,3],"uv":[0,86,83,86,0,0,83,0],"nuv":[0,0,1,0,0,1,1,1],"minPos":{"x":-41.5,"y":-43,"z":0},"maxPos":{"x":41.5,"y":43,"z":0}},"packable":true,"pixelsToUnit":100,"pivot":{"x":0.5,"y":0.5},"meshType":0}],[2],0,[0],[2],[26]],[[{"name":"ring0","rect":{"x":0,"y":0,"width":80,"height":80},"offset":{"x":0,"y":0},"originalSize":{"width":80,"height":80},"rotated":false,"capInsets":[0,0,0,0],"vertices":{"rawPosition":[-40,-40,0,40,-40,0,-40,40,0,40,40,0],"indexes":[0,1,2,2,1,3],"uv":[0,80,80,80,0,0,80,0],"nuv":[0,0,1,0,0,1,1,1],"minPos":{"x":-40,"y":-40,"z":0},"maxPos":{"x":40,"y":40,"z":0}},"packable":false,"pixelsToUnit":100,"pivot":{"x":0.5,"y":0.5},"meshType":0}],[2],0,[0],[2],[27]],[[{"name":"yuan","rect":{"x":0,"y":0,"width":50,"height":50},"offset":{"x":0,"y":0},"originalSize":{"width":50,"height":50},"rotated":false,"capInsets":[22,20,22,23],"vertices":{"rawPosition":[-25,-25,0,25,-25,0,-25,25,0,25,25,0],"indexes":[0,1,2,2,1,3],"uv":[0,50,50,50,0,0,50,0],"nuv":[0,0,1,0,0,1,1,1],"minPos":{"x":-25,"y":-25,"z":0},"maxPos":{"x":25,"y":25,"z":0}},"packable":true,"pixelsToUnit":100,"pivot":{"x":0.5,"y":0.5},"meshType":0}],[2],0,[0],[2],[28]],[[[57,"gift_fly","\r\ngift_fly.png\r\nsize: 632,140\r\nformat: RGBA8888\r\nfilter: Linear,Linear\r\nrepeat: none\r\nchibang_left\r\n  rotate: true\r\n  xy: 490, 7\r\n  size: 44, 56\r\n  orig: 44, 56\r\n  offset: 0, 0\r\n  index: -1\r\nchibang_right\r\n  rotate: false\r\n  xy: 574, 67\r\n  size: 57, 69\r\n  orig: 57, 69\r\n  offset: 0, 0\r\n  index: -1\r\neffect_bigbang04\r\n  rotate: false\r\n  xy: 374, 22\r\n  size: 114, 114\r\n  orig: 114, 114\r\n  offset: 0, 0\r\n  index: -1\r\nlihe\r\n  rotate: false\r\n  xy: 261, 17\r\n  size: 111, 119\r\n  orig: 111, 119\r\n  offset: 0, 0\r\n  index: -1\r\nlihe_1\r\n  rotate: true\r\n  xy: 152, 6\r\n  size: 130, 107\r\n  orig: 130, 107\r\n  offset: 0, 0\r\n  index: -1\r\nline_13\r\n  rotate: false\r\n  xy: 548, 26\r\n  size: 25, 25\r\n  orig: 25, 25\r\n  offset: 0, 0\r\n  index: -1\r\nline_4\r\n  rotate: false\r\n  xy: 490, 53\r\n  size: 82, 83\r\n  orig: 83, 84\r\n  offset: 1, 1\r\n  index: -1\r\nxbs_guang\r\n  rotate: true\r\n  xy: 1, 1\r\n  size: 135, 149\r\n  orig: 154, 175\r\n  offset: 9, 13\r\n  index: -1\r\n",["gift_fly.png"],{"skeleton":{"hash":"BMHC0+o2ASoYly8fmu/vKa1O9Bc","spine":"3.8.95","x":-58.36,"y":-76.11,"width":141.47,"height":119},"bones":[{"name":"root"},{"name":"all","parent":"root"},{"name":"b_all","parent":"all","x":-2.36,"y":-16.61},{"name":"lihe","parent":"b_all"},{"name":"chibang_right","parent":"b_all","length":20.41,"rotation":-0.05,"x":27.81,"y":-10.33},{"name":"chibang_left","parent":"b_all","length":21.63,"rotation":126.87,"x":-29.07,"y":12.71},{"name":"chibang_right2","parent":"chibang_right","length":20.88,"rotation":21.55,"x":20.26,"y":0.01},{"name":"effect_all","parent":"root"},{"name":"effect_bigbang04","parent":"effect_all"},{"name":"lihe_1","parent":"b_all","x":11.18,"y":16.01},{"name":"xbs_guang","parent":"effect_all"},{"name":"line_13","parent":"effect_all"},{"name":"line_4","parent":"effect_all","scaleX":3,"scaleY":3},{"name":"chibang_left2","parent":"chibang_left","length":15.4,"rotation":-11.44,"x":21.56,"y":0.13},{"name":"line_14","parent":"effect_all"},{"name":"line_15","parent":"effect_all"},{"name":"line_16","parent":"effect_all"},{"name":"line_17","parent":"effect_all"}],"slots":[{"name":"chibang_left","bone":"chibang_left","attachment":"chibang_left"},{"name":"xbs_guang","bone":"xbs_guang"},{"name":"lihe","bone":"lihe","attachment":"lihe"},{"name":"chibang_right","bone":"chibang_right","attachment":"chibang_right"},{"name":"effect_bigbang04","bone":"effect_bigbang04","blend":"additive"},{"name":"line_13","bone":"line_13"},{"name":"line_14","bone":"line_14"},{"name":"line_15","bone":"line_15"},{"name":"line_16","bone":"line_16"},{"name":"line_17","bone":"line_17"},{"name":"line_4","bone":"line_4","color":"bcff41ff","blend":"additive"},{"name":"lihe_1","bone":"lihe_1","blend":"additive"}],"skins":[{"name":"default","attachments":{"chibang_left":{"chibang_left":{"type":"mesh","hull":18,"uvs":[1,1,0.75,1,0.5,1,0.25,1,0,1,0,0.8,0,0.6,0,0.4,0,0.2,0,0,0.25,0,0.5,0,0.75,0,1,0,1,0.2,1,0.4,1,0.6,1,0.8,0.75,0.8,0.5,0.8,0.25,0.8,0.75,0.6,0.5,0.6,0.25,0.6,0.75,0.4,0.5,0.4,0.25,0.4,0.75,0.2,0.5,0.2,0.25,0.2],"triangles":[6,7,26,26,7,29,7,8,29,29,8,10,8,9,10,26,29,28,23,6,26,5,6,23,0,1,17,1,18,17,17,18,16,18,21,16,16,21,15,21,24,15,15,24,14,24,27,14,14,27,13,27,12,13,1,2,18,2,19,18,18,19,21,19,22,21,21,22,24,22,25,24,24,25,27,25,28,27,27,28,12,28,11,12,2,3,19,3,20,19,19,20,22,20,23,22,22,23,25,23,26,25,25,26,28,3,4,20,4,5,20,20,5,23,28,29,11,29,10,11],"vertices":[1,5,-22.75,-4.26,1,1,5,-16.1,4.5,1,1,5,-9.45,13.26,1,1,5,-2.8,22.03,1,2,5,3.85,30.79,0.97156,13,-23.44,26.54,0.02844,2,5,12.77,24.02,0.85622,13,-13.35,21.67,0.14378,2,5,21.69,17.24,0.50242,13,-3.26,16.8,0.49758,2,5,30.62,10.47,0.26477,13,6.82,11.94,0.73523,2,5,39.54,3.7,0.264,13,16.91,7.07,0.736,2,5,48.46,-3.07,0.264,13,27,2.2,0.736,2,5,41.81,-11.83,0.38363,13,22.22,-7.7,0.61637,2,5,35.16,-20.59,0.82405,13,17.44,-17.61,0.17595,1,5,28.51,-29.36,1,1,5,21.85,-38.12,1,1,5,12.93,-31.35,1,1,5,4.01,-24.57,1,1,5,-4.91,-17.8,1,1,5,-13.83,-11.03,1,1,5,-7.18,-2.27,1,1,5,-0.53,6.49,1,1,5,6.12,15.25,1,1,5,1.74,-9.04,1,1,5,8.39,-0.28,1,2,5,15.04,8.48,0.80792,13,-8.05,6.9,0.19208,1,5,10.66,-15.81,1,1,5,17.31,-7.05,1,2,5,23.97,1.71,0.264,13,2.04,2.03,0.736,1,5,19.58,-22.58,1,2,5,26.24,-13.82,0.97069,13,7.35,-12.74,0.02931,2,5,32.89,-5.06,0.34331,13,12.13,-2.84,0.65669]}},"chibang_right":{"chibang_right":{"type":"mesh","hull":22,"uvs":[1,1,0.8,1,0.6,1,0.4,1,0.2,1,0,1,0,0.83333,0,0.66667,0,0.5,0,0.33333,0,0.16667,0,0,0.2,0,0.4,0,0.6,0,0.8,0,1,0,1,0.16667,1,0.33333,1,0.5,1,0.66667,1,0.83333,0.8,0.83333,0.6,0.83333,0.4,0.83333,0.2,0.83333,0.8,0.66667,0.6,0.66667,0.4,0.66667,0.2,0.66667,0.8,0.5,0.6,0.5,0.4,0.5,0.2,0.5,0.8,0.33333,0.6,0.33333,0.4,0.33333,0.2,0.33333,0.8,0.16667,0.6,0.16667,0.4,0.16667,0.2,0.16667],"triangles":[17,38,16,34,38,17,18,34,17,30,34,18,20,26,19,31,35,34,39,14,15,35,39,38,22,26,20,27,31,30,40,13,14,36,40,39,40,41,13,22,23,26,32,36,35,1,22,21,36,37,40,10,11,12,41,10,12,9,10,41,37,9,41,8,9,37,33,8,37,7,8,33,29,7,33,6,7,29,25,6,29,5,6,25,4,5,25,37,41,40,33,37,36,32,33,36,29,33,32,28,29,32,25,29,28,24,25,28,4,25,24,3,4,24,28,32,31,27,28,31,24,28,27,23,24,27,3,24,23,2,3,23,2,23,22,1,2,22,23,27,26,41,12,13,0,1,21,31,32,35,35,36,39,21,22,20,39,40,14,26,27,30,38,39,15,34,35,38,30,31,34,38,15,16,26,30,19,19,30,18],"vertices":[1,4,35.7,-31.59,1,1,4,24.89,-27.97,1,1,4,14.08,-24.35,1,1,4,3.28,-20.73,1,1,4,-7.53,-17.11,1,1,4,-18.34,-13.49,1,1,4,-14.69,-2.58,1,1,4,-11.04,8.32,1,1,4,-7.39,19.23,1,1,4,-3.73,30.13,1,1,4,-0.08,41.04,1,1,4,3.57,51.94,1,1,4,14.38,48.32,1,2,4,25.19,44.7,0.93697,6,21,39.76,0.06303,2,4,36,41.08,0.76369,6,29.73,32.42,0.23631,2,4,46.81,37.46,0.64254,6,38.45,25.08,0.35746,2,4,57.62,33.84,0.60259,6,47.18,17.74,0.39741,2,4,53.97,22.93,0.60071,6,39.77,8.94,0.39929,2,4,50.32,12.03,0.6,6,32.37,0.14,0.4,2,4,46.66,1.12,0.696,6,24.97,-8.66,0.304,2,4,43.01,-9.78,0.74934,6,17.57,-17.46,0.25066,2,4,39.36,-20.69,0.90894,6,10.16,-26.26,0.09106,1,4,28.55,-17.07,1,1,4,17.74,-13.44,1,1,4,6.93,-9.82,1,1,4,-3.88,-6.2,1,2,4,32.2,-6.16,0.78314,6,8.84,-10.12,0.21686,1,4,21.39,-2.54,1,1,4,10.58,1.08,1,1,4,-0.23,4.7,1,2,4,35.85,4.74,0.744,6,16.24,-1.32,0.256,2,4,25.04,8.36,0.88275,6,7.52,6.02,0.11725,1,4,14.23,11.99,1,1,4,3.42,15.61,1,2,4,39.51,15.65,0.61867,6,23.65,7.48,0.38133,2,4,28.7,19.27,0.92449,6,14.92,14.82,0.07551,1,4,17.89,22.89,1,1,4,7.08,26.51,1,2,4,43.16,26.55,0.63725,6,31.05,16.28,0.36275,2,4,32.35,30.17,0.76546,6,22.33,23.62,0.23454,2,4,21.54,33.79,0.96376,6,13.6,30.96,0.03624,1,4,10.73,37.42,1]}},"effect_bigbang04":{"effect_bigbang04":{"width":114,"height":114}},"lihe":{"lihe":{"type":"mesh","hull":20,"uvs":[0.46201,0.07581,0.46703,0.17272,0.54076,0.18835,0.61282,0.10863,0.73011,0.07425,0.87422,0.06018,0.97559,0.16221,0.94628,0.29932,1,0.33527,1,0.84549,0.7347,1,0.44082,1,0.27919,1,0,0.81025,0,0.32714,0.13849,0.27005,0.10792,0.20135,0.09954,0.08725,0.22689,0,0.40503,0,0.45762,0.47896,0.29601,0.3165,0.38835,0.30616,0.48623,0.33373,0.58966,0.4078,0.17773,0.09456,0.23417,0.12465,0.2761,0.20437,0.37608,0.27206,0.50186,0.30515,0.56153,0.24047,0.64539,0.18782,0.70989,0.251,0.6857,0.34576,0.15628,0.18335],"triangles":[25,17,18,26,18,19,26,19,0,25,18,26,27,26,0,34,17,25,34,25,26,31,3,4,31,2,3,16,17,34,1,27,0,34,26,27,30,2,31,32,31,4,15,16,34,28,27,1,5,32,4,30,29,1,30,1,2,28,1,29,22,28,29,21,27,28,21,28,22,15,34,27,21,15,27,23,22,29,32,30,31,33,30,32,24,29,30,5,6,32,33,24,30,23,29,24,20,22,23,20,23,24,21,22,20,14,15,21,20,14,21,7,32,6,33,32,7,8,33,7,24,33,8,20,24,8,13,14,20,20,8,9,12,13,20,11,12,20,20,10,11,9,10,20],"vertices":[-4.22,50.48,-3.66,38.95,4.52,37.09,12.52,46.57,25.54,50.66,41.54,52.34,52.79,40.2,49.54,23.88,55.5,19.6,55.5,-41.11,26.05,-59.5,-6.57,-59.5,-24.51,-59.5,-55.5,-36.92,-55.5,20.57,-40.13,27.36,-43.52,35.54,-44.45,49.12,-30.32,59.5,-10.54,59.5,-4.7,2.5,-22.64,21.84,-12.39,23.07,-1.53,19.79,9.95,10.97,-35.77,48.25,-29.51,44.67,-24.85,35.18,-13.76,27.13,0.21,23.19,6.83,30.88,16.14,37.15,23.3,29.63,20.61,18.35,-38.15,37.68]}},"lihe_1":{"lihe_1":{"width":130,"height":107}},"line_4":{"line_4":{"width":83,"height":84}},"line_13":{"line_13":{"width":25,"height":25}},"line_14":{"line_13":{"width":25,"height":25}},"line_15":{"line_13":{"width":25,"height":25}},"line_16":{"line_13":{"width":25,"height":25}},"line_17":{"line_13":{"width":25,"height":25}},"xbs_guang":{"xbs_guang":{"x":-1.39,"width":154,"height":175}}}}],"animations":{"gift_fly_show":{"slots":{"effect_bigbang04":{"color":[{"time":0.0667,"color":"fff0a4ff"},{"time":0.5333,"color":"fffce300"}],"attachment":[{"time":0.0667,"name":"effect_bigbang04"}]},"lihe_1":{"color":[{"color":"fffb6bff","curve":0,"c2":0.36,"c3":0.75},{"time":0.1667,"color":"ffffff00"}],"attachment":[{"name":"lihe_1"}]},"line_4":{"color":[{"time":0.0333,"color":"ffffff64"},{"time":0.1,"color":"ffffff00"}],"attachment":[{"time":0.0333,"name":"line_4"},{"time":0.1,"name":null}]},"line_13":{"attachment":[{"time":0.0333,"name":"line_13"},{"time":0.4,"name":null}]},"line_14":{"attachment":[{"time":0.0333,"name":"line_13"},{"time":0.3,"name":null}]},"line_15":{"attachment":[{"time":0.0333,"name":"line_13"},{"time":0.4667,"name":null}]},"line_16":{"attachment":[{"time":0.0333,"name":"line_13"},{"time":0.3333,"name":null}]},"line_17":{"attachment":[{"time":0.0333,"name":"line_13"},{"time":0.4,"name":null}]},"xbs_guang":{"color":[{"time":0.0667,"color":"ffffffff"},{"time":1,"color":"ffffff00"}],"attachment":[{"time":0.0667,"name":"xbs_guang"}]}},"bones":{"chibang_left":{"rotate":[{"angle":-13,"curve":0.586,"c3":0.75},{"time":0.3,"angle":40,"curve":0.25,"c3":0.474},{"time":1,"angle":-13}]},"b_all":{"rotate":[{"angle":-0.58,"curve":0.351,"c2":0.4,"c3":0.757},{"time":0.1667,"angle":3,"curve":0.25,"c3":0.75},{"time":0.7333,"angle":-2,"curve":0.265,"c3":0.618,"c4":0.43},{"time":1,"angle":-0.58}],"translate":[{"y":-8.16,"curve":0.311,"c2":0.62,"c3":0.644},{"time":0.0333,"y":-9,"curve":0.25,"c3":0.75},{"time":0.3333,"y":9,"curve":0.267,"c3":0.56,"c4":0.75},{"time":1,"y":-8.16}],"scale":[{"x":0.1,"y":0.1,"curve":0.25,"c3":0.75},{"time":0.1,"x":1.3,"y":1.3,"curve":0.25,"c3":0.75},{"time":0.2333,"x":0.8,"y":0.8,"curve":0.25,"c3":0.75},{"time":0.4,"x":1.08,"y":1.08,"curve":0.25,"c3":0.75},{"time":0.6667,"x":0.98,"y":0.98},{"time":1}]},"chibang_right":{"rotate":[{"angle":30,"curve":0.591,"c3":0.695},{"time":0.3,"angle":-20,"curve":0.268,"c3":0.501},{"time":1,"angle":30}]},"chibang_right2":{"rotate":[{"angle":13.54,"curve":0.273,"c2":0.55,"c3":0.593},{"time":0.1,"angle":30,"curve":0.25,"c3":0.75},{"time":0.5333,"angle":-40,"curve":0.316,"c3":0.607,"c4":0.56},{"time":1,"angle":13.54}]},"chibang_left2":{"rotate":[{"angle":-9.55,"curve":0.266,"c2":0.55,"c3":0.585},{"time":0.1,"angle":-16,"curve":0.586,"c3":0.75},{"time":0.5333,"angle":14,"curve":0.305,"c3":0.59,"c4":0.56},{"time":1,"angle":-9.55}]},"lihe":{"scale":[{"x":0.972,"y":1.028,"curve":0.27,"c2":0.57,"c3":0.578},{"time":0.1,"x":0.95,"y":1.05,"curve":0.25,"c3":0.75},{"time":0.4333,"x":1.05,"y":0.95,"curve":0.477,"c3":0.695,"c4":0.6},{"time":1,"x":0.972,"y":1.028}]},"line_4":{"translate":[{"time":0.0333,"y":-17.98}]},"effect_bigbang04":{"scale":[{"time":0.0667,"x":0.5,"y":0.5,"curve":0,"c2":0.42,"c3":0.575},{"time":0.5333,"x":2,"y":2}]},"xbs_guang":{"rotate":[{"time":0.0667,"angle":60,"curve":0,"c2":0.33,"c3":0.75},{"time":1}],"scale":[{"time":0.0667,"x":0.8,"y":0.8,"curve":0,"c2":0.44,"c3":0.533},{"time":0.5,"x":1.5,"y":1.5}]},"line_13":{"translate":[{"curve":0,"c2":0.46,"c3":0.75},{"time":0.4,"x":31.69,"y":-69.8}],"scale":[{"x":0.6,"y":0.6,"curve":0,"c2":0.46,"c3":0.584},{"time":0.4,"x":0.2,"y":0.2}]},"line_14":{"translate":[{"curve":0,"c2":0.46,"c3":0.75},{"time":0.3,"x":-22.48,"y":-40.1}],"scale":[{"x":0.6,"y":0.6,"curve":0,"c2":0.46,"c3":0.584},{"time":0.3,"x":0.2,"y":0.2}]},"line_15":{"translate":[{"x":-2.33,"y":-21.01,"curve":0,"c2":0.38,"c3":0.608},{"time":0.4667,"x":-39.08,"y":36.46}],"scale":[{"x":0.4,"y":0.4,"curve":0,"c2":0.46,"c3":0.584},{"time":0.4667,"x":0.2,"y":0.3}]},"line_16":{"translate":[{"x":0.73,"y":0.73,"curve":0,"c2":0.46,"c3":0.75},{"time":0.3333,"x":17.35,"y":63.65}],"scale":[{"x":0.6,"y":0.6,"curve":0,"c2":0.46,"c3":0.584},{"time":0.3333,"x":0.3,"y":0.3}]},"line_17":{"translate":[{"curve":0,"c2":0.46,"c3":0.75},{"time":0.4,"x":-87.32,"y":-46.32}],"scale":[{"x":0.6,"y":0.6,"curve":0,"c2":0.46,"c3":0.584},{"time":0.4,"x":0.2,"y":0.2}]}}},"gift_fly_stand":{"bones":{"chibang_right":{"rotate":[{"angle":30,"curve":0.591,"c3":0.695},{"time":1,"angle":-20,"curve":0.268,"c3":0.501},{"time":2,"angle":30}]},"chibang_right2":{"rotate":[{"angle":13.54,"curve":0.273,"c2":0.55,"c3":0.593},{"time":0.4,"angle":30,"curve":0.25,"c3":0.75},{"time":1.4,"angle":-40,"curve":0.316,"c3":0.607,"c4":0.56},{"time":2,"angle":13.54}]},"chibang_left":{"rotate":[{"angle":-13,"curve":0.586,"c3":0.75},{"time":1,"angle":40,"curve":0.25,"c3":0.474},{"time":2,"angle":-13}]},"chibang_left2":{"rotate":[{"angle":-9.55,"curve":0.266,"c2":0.55,"c3":0.585},{"time":0.4,"angle":-16,"curve":0.586,"c3":0.75},{"time":1.4,"angle":14,"curve":0.305,"c3":0.59,"c4":0.56},{"time":2,"angle":-9.55}]},"b_all":{"rotate":[{"angle":-0.58,"curve":0.351,"c2":0.4,"c3":0.757},{"time":0.6667,"angle":3,"curve":0.25,"c3":0.75},{"time":1.6667,"angle":-2,"curve":0.265,"c3":0.618,"c4":0.43},{"time":2,"angle":-0.58}],"translate":[{"y":-8.16,"curve":0.311,"c2":0.62,"c3":0.644},{"time":0.1667,"y":-9,"curve":0.25,"c3":0.75},{"time":1.1667,"y":9,"curve":0.267,"c3":0.56,"c4":0.75},{"time":2,"y":-8.16}]},"lihe":{"scale":[{"x":0.972,"y":1.028,"curve":0.27,"c2":0.57,"c3":0.578},{"time":0.3333,"x":0.95,"y":1.05,"curve":0.25,"c3":0.75},{"time":1.3333,"x":1.05,"y":0.95,"curve":0.477,"c3":0.695,"c4":0.6},{"time":2,"x":0.972,"y":1.028}]}},"deform":{"default":{"lihe":{"lihe":[{"curve":0.25,"c3":0.75},{"time":1,"curve":0.25,"c3":0.75,"vertices":[-0.84046,-1.97474,0,0,0,0,0.03855,-2.80169,0.03694,-4.68818,0.01002,-5.96445,0.07525,-1.41319,0,0,0,0,0,0,0,0,0,0,0,0,0,0,0,0,0,0,0,0,0,0,-2.64703,-2.15783,-2.64703,-2.15783,0,0,0,0,0,0,0,0,0,0,-1.99676,-3.11724,-1.20287,-2.90497,0.39419,-2.1279,0,0,0,0,0.07836,-1.29568,0.24183,-3.63167,-0.0528,-1.99743,-0.0528,-1.99743,-0.49978,-1.86695]},{"time":2}]}}}}}},[0]]],0,0,[0],[-1],[29]],[[{"name":"default_btn_disabled","rect":{"x":0,"y":0,"width":40,"height":40},"offset":{"x":0,"y":0},"originalSize":{"width":40,"height":40},"rotated":false,"capInsets":[12,12,12,12],"vertices":{"rawPosition":[-20,-20,0,20,-20,0,-20,20,0,20,20,0],"indexes":[0,1,2,2,1,3],"uv":[0,40,40,40,0,0,40,0],"nuv":[0,0,1,0,0,1,1,1],"minPos":{"x":-20,"y":-20,"z":0},"maxPos":{"x":20,"y":20,"z":0}},"packable":true,"pixelsToUnit":100,"pivot":{"x":0.5,"y":0.5},"meshType":0}],[2],0,[0],[2],[30]],[[{"name":"biaomibn","rect":{"x":0,"y":0,"width":91,"height":94},"offset":{"x":0,"y":0},"originalSize":{"width":91,"height":94},"rotated":false,"capInsets":[0,0,0,0],"vertices":{"rawPosition":[-45.5,-47,0,45.5,-47,0,-45.5,47,0,45.5,47,0],"indexes":[0,1,2,2,1,3],"uv":[0,94,91,94,0,0,91,0],"nuv":[0,0,1,0,0,1,1,1],"minPos":{"x":-45.5,"y":-47,"z":0},"maxPos":{"x":45.5,"y":47,"z":0}},"packable":true,"pixelsToUnit":100,"pivot":{"x":0.5,"y":0.5},"meshType":0}],[2],0,[0],[2],[31]],[[{"name":"ring1","rect":{"x":4,"y":0,"width":248,"height":256},"offset":{"x":0,"y":0},"originalSize":{"width":256,"height":256},"rotated":false,"capInsets":[0,0,0,0],"vertices":{"rawPosition":[-124,-128,0,124,-128,0,-124,128,0,124,128,0],"indexes":[0,1,2,2,1,3],"uv":[4,256,252,256,4,0,252,0],"nuv":[0.015625,0,0.984375,0,0.015625,1,0.984375,1],"minPos":{"x":-124,"y":-128,"z":0},"maxPos":{"x":124,"y":128,"z":0}},"packable":true,"pixelsToUnit":100,"pivot":{"x":0.5,"y":0.5},"meshType":0}],[2],0,[0],[2],[32]],[[[58,"progress",[{"rate":0}],[{"rasterizerState":{},"depthStencilState":{},"blendState":{"targets":[{}]}}],[{"USE_TEXTURE":true}]]],0,0,[0],[17],[33]]]]
