[1,["1166ef42c@6c48a"],["_textureSource"],["cc.SpriteFrame"],0,[[[{"name":"g4","rect":{"x":3,"y":197,"width":255,"height":256},"offset":{"x":-0.5,"y":0},"originalSize":{"width":256,"height":256},"rotated":true,"capInsets":[0,0,0,0],"packable":true,"pixelsToUnit":100,"pivot":{"x":0.5,"y":0.5},"meshType":0}],[0],0,[0],[0],[0]],[[{"name":"back","rect":{"x":157,"y":522,"width":80,"height":85},"offset":{"x":0,"y":0},"originalSize":{"width":80,"height":85},"rotated":false,"capInsets":[0,0,0,0],"packable":true,"pixelsToUnit":100,"pivot":{"x":0.5,"y":0.5},"meshType":0}],[0],0,[0],[0],[0]],[[{"name":"home","rect":{"x":327,"y":745,"width":67,"height":60},"offset":{"x":-0.5,"y":1},"originalSize":{"width":80,"height":80},"rotated":true,"capInsets":[0,0,0,0],"packable":true,"pixelsToUnit":100,"pivot":{"x":0.5,"y":0.5},"meshType":0}],[0],0,[0],[0],[0]],[[{"name":"close","rect":{"x":104,"y":799,"width":39,"height":41},"offset":{"x":0,"y":0},"originalSize":{"width":39,"height":41},"rotated":true,"capInsets":[0,0,0,0],"packable":true,"pixelsToUnit":100,"pivot":{"x":0.5,"y":0.5},"meshType":0}],[0],0,[0],[0],[0]],[[{"name":"icon_yinyue","rect":{"x":107,"y":654,"width":41,"height":42},"offset":{"x":0,"y":0},"originalSize":{"width":41,"height":42},"rotated":true,"capInsets":[0,0,0,0],"packable":true,"pixelsToUnit":100,"pivot":{"x":0.5,"y":0.5},"meshType":0}],[0],0,[0],[0],[0]],[[{"name":"closeWhite1","rect":{"x":168,"y":893,"width":54,"height":54},"offset":{"x":0,"y":-3},"originalSize":{"width":80,"height":80},"rotated":false,"capInsets":[0,0,0,0],"packable":true,"pixelsToUnit":100,"pivot":{"x":0.5,"y":0.5},"meshType":0}],[0],0,[0],[0],[0]],[[{"name":"life","rect":{"x":3,"y":654,"width":98,"height":84},"offset":{"x":-0.5,"y":-0.5},"originalSize":{"width":99,"height":85},"rotated":false,"capInsets":[0,0,0,0],"packable":true,"pixelsToUnit":100,"pivot":{"x":0.5,"y":0.5},"meshType":0}],[0],0,[0],[0],[0]],[[{"name":"Btn3","rect":{"x":225,"y":954,"width":51,"height":56},"offset":{"x":0,"y":0},"originalSize":{"width":53,"height":58},"rotated":false,"capInsets":[15,16,15,15],"packable":true,"pixelsToUnit":100,"pivot":{"x":0.5,"y":0.5},"meshType":0}],[0],0,[0],[0],[0]],[[{"name":"clear","rect":{"x":154,"y":733,"width":83,"height":84},"offset":{"x":0,"y":0},"originalSize":{"width":83,"height":84},"rotated":false,"capInsets":[0,0,0,0],"packable":true,"pixelsToUnit":100,"pivot":{"x":0.5,"y":0.5},"meshType":0}],[0],0,[0],[0],[0]],[[{"name":"setting","rect":{"x":282,"y":954,"width":48,"height":46},"offset":{"x":0,"y":0},"originalSize":{"width":48,"height":46},"rotated":true,"capInsets":[0,0,0,0],"packable":true,"pixelsToUnit":100,"pivot":{"x":0.5,"y":0.5},"meshType":0}],[0],0,[0],[0],[0]],[[{"name":"地图关卡","rect":{"x":243,"y":615,"width":124,"height":126},"offset":{"x":0,"y":0},"originalSize":{"width":128,"height":128},"rotated":true,"capInsets":[0,0,0,0],"packable":true,"pixelsToUnit":100,"pivot":{"x":0.5,"y":0.5},"meshType":0}],[0],0,[0],[0],[0]],[[{"name":"play","rect":{"x":243,"y":745,"width":68,"height":78},"offset":{"x":0,"y":0},"originalSize":{"width":68,"height":78},"rotated":true,"capInsets":[0,0,0,0],"packable":true,"pixelsToUnit":100,"pivot":{"x":0.5,"y":0.5},"meshType":0}],[0],0,[0],[0],[0]],[[{"name":"reddot","rect":{"x":104,"y":752,"width":41,"height":41},"offset":{"x":0,"y":0},"originalSize":{"width":41,"height":41},"rotated":false,"capInsets":[0,0,0,0],"packable":true,"pixelsToUnit":100,"pivot":{"x":0.5,"y":0.5},"meshType":0}],[0],0,[0],[0],[0]],[[{"name":"outicon5","rect":{"x":244,"y":461,"width":126,"height":148},"offset":{"x":0,"y":0},"originalSize":{"width":126,"height":148},"rotated":false,"capInsets":[0,0,0,0],"packable":true,"pixelsToUnit":100,"pivot":{"x":0.5,"y":0.5},"meshType":0}],[0],0,[0],[0],[0]],[[{"name":"turn","rect":{"x":265,"y":357,"width":100,"height":98},"offset":{"x":0,"y":0},"originalSize":{"width":100,"height":98},"rotated":false,"capInsets":[0,0,0,0],"packable":true,"pixelsToUnit":100,"pivot":{"x":0.5,"y":0.5},"meshType":0}],[0],0,[0],[0],[0]],[[{"name":"homeback","rect":{"x":317,"y":884,"width":64,"height":64},"offset":{"x":0,"y":0},"originalSize":{"width":64,"height":64},"rotated":false,"capInsets":[0,0,0,0],"packable":true,"pixelsToUnit":100,"pivot":{"x":0.5,"y":0.5},"meshType":0}],[0],0,[0],[0],[0]],[[{"name":"Label_Bg_02","rect":{"x":3,"y":458,"width":235,"height":58},"offset":{"x":0,"y":0},"originalSize":{"width":235,"height":58},"rotated":false,"capInsets":[112,0,112.5,0],"packable":true,"pixelsToUnit":100,"pivot":{"x":0.5,"y":0.5},"meshType":0}],[0],0,[0],[0],[0]],[[{"name":"1sp_time","rect":{"x":272,"y":893,"width":30,"height":30},"offset":{"x":0,"y":0},"originalSize":{"width":30,"height":30},"rotated":false,"capInsets":[0,0,0,0],"packable":true,"pixelsToUnit":100,"pivot":{"x":0.5,"y":0.5},"meshType":0}],[0],0,[0],[0],[0]],[[{"name":"out","rect":{"x":3,"y":522,"width":126,"height":148},"offset":{"x":0,"y":0},"originalSize":{"width":126,"height":148},"rotated":true,"capInsets":[0,0,0,0],"packable":true,"pixelsToUnit":100,"pivot":{"x":0.5,"y":0.5},"meshType":0}],[0],0,[0],[0],[0]],[[{"name":"shuffle","rect":{"x":3,"y":744,"width":95,"height":92},"offset":{"x":0,"y":0},"originalSize":{"width":95,"height":92},"rotated":false,"capInsets":[0,0,0,0],"packable":true,"pixelsToUnit":100,"pivot":{"x":0.5,"y":0.5},"meshType":0}],[0],0,[0],[0],[0]],[[{"name":"关卡锁定","rect":{"x":98,"y":893,"width":54,"height":64},"offset":{"x":0,"y":0},"originalSize":{"width":64,"height":64},"rotated":true,"capInsets":[0,0,0,0],"packable":true,"pixelsToUnit":100,"pivot":{"x":0.5,"y":0.5},"meshType":0}],[0],0,[0],[0],[0]],[[{"name":"Btnnew","rect":{"x":334,"y":954,"width":46,"height":48},"offset":{"x":0,"y":0},"originalSize":{"width":46,"height":48},"rotated":true,"capInsets":[22,20,22,23],"packable":true,"pixelsToUnit":100,"pivot":{"x":0.5,"y":0.5},"meshType":0}],[0],0,[0],[0],[0]],[[{"name":"count","rect":{"x":98,"y":844,"width":39,"height":50},"offset":{"x":0,"y":0},"originalSize":{"width":39,"height":50},"rotated":true,"capInsets":[0,0,0,0],"packable":true,"pixelsToUnit":100,"pivot":{"x":0.5,"y":0.5},"meshType":0}],[0],0,[0],[0],[0]],[[{"name":"sp_time","rect":{"x":3,"y":937,"width":79,"height":89},"offset":{"x":0,"y":0.5},"originalSize":{"width":79,"height":90},"rotated":true,"capInsets":[0,0,0,0],"packable":true,"pixelsToUnit":100,"pivot":{"x":0.5,"y":0.5},"meshType":0}],[0],0,[0],[0],[0]],[[{"name":"frame5","rect":{"x":155,"y":697,"width":82,"height":30},"offset":{"x":0,"y":0},"originalSize":{"width":82,"height":30},"rotated":false,"capInsets":[32,14,39,16],"packable":true,"pixelsToUnit":100,"pivot":{"x":0.5,"y":0.5},"meshType":0}],[0],0,[0],[0],[0]],[[{"name":"icon_shipin2","rect":{"x":228,"y":893,"width":50,"height":38},"offset":{"x":0,"y":0},"originalSize":{"width":50,"height":38},"rotated":true,"capInsets":[0,0,0,0],"packable":true,"pixelsToUnit":100,"pivot":{"x":0.5,"y":0.5},"meshType":0}],[0],0,[0],[0],[0]],[[{"name":"Image_GiftBox","rect":{"x":267,"y":3,"width":120,"height":120},"offset":{"x":0,"y":-4},"originalSize":{"width":128,"height":128},"rotated":false,"capInsets":[0,0,0,0],"packable":true,"pixelsToUnit":100,"pivot":{"x":0.5,"y":0.5},"meshType":0}],[0],0,[0],[0],[0]],[[{"name":"xm_shou0001","rect":{"x":265,"y":253,"width":98,"height":112},"offset":{"x":0,"y":-1},"originalSize":{"width":110,"height":120},"rotated":true,"capInsets":[0,0,0,0],"packable":true,"pixelsToUnit":100,"pivot":{"x":0.5,"y":0.5},"meshType":0}],[0],0,[0],[0],[0]],[[{"name":"coin0","rect":{"x":3,"y":842,"width":89,"height":89},"offset":{"x":0,"y":0},"originalSize":{"width":89,"height":89},"rotated":false,"capInsets":[0,0,0,0],"packable":true,"pixelsToUnit":100,"pivot":{"x":0.5,"y":0.5},"meshType":0}],[0],0,[0],[0],[0]],[[{"name":"icon_yinxiao","rect":{"x":107,"y":701,"width":45,"height":41},"offset":{"x":0,"y":0},"originalSize":{"width":45,"height":41},"rotated":true,"capInsets":[0,0,0,0],"packable":true,"pixelsToUnit":100,"pivot":{"x":0.5,"y":0.5},"meshType":0}],[0],0,[0],[0],[0]],[[{"name":"骷髅","rect":{"x":98,"y":954,"width":64,"height":63},"offset":{"x":0,"y":0.5},"originalSize":{"width":64,"height":64},"rotated":true,"capInsets":[0,0,0,0],"packable":true,"pixelsToUnit":100,"pivot":{"x":0.5,"y":0.5},"meshType":0}],[0],0,[0],[0],[0]],[[{"name":"btnbg","rect":{"x":267,"y":129,"width":118,"height":118},"offset":{"x":0,"y":0},"originalSize":{"width":118,"height":118},"rotated":false,"capInsets":[0,0,0,0],"packable":true,"pixelsToUnit":100,"pivot":{"x":0.5,"y":0.5},"meshType":0}],[0],0,[0],[0],[0]],[[{"name":"pause","rect":{"x":327,"y":818,"width":60,"height":60},"offset":{"x":0,"y":0},"originalSize":{"width":60,"height":60},"rotated":false,"capInsets":[0,0,0,0],"packable":true,"pixelsToUnit":100,"pivot":{"x":0.5,"y":0.5},"meshType":0}],[0],0,[0],[0],[0]],[[{"name":"add","rect":{"x":243,"y":819,"width":68,"height":68},"offset":{"x":0,"y":0},"originalSize":{"width":68,"height":68},"rotated":false,"capInsets":[0,0,0,0],"packable":true,"pixelsToUnit":100,"pivot":{"x":0.5,"y":0.5},"meshType":0}],[0],0,[0],[0],[0]],[[{"name":"Btn2","rect":{"x":167,"y":954,"width":52,"height":56},"offset":{"x":-0.5,"y":-0.5},"originalSize":{"width":59,"height":65},"rotated":false,"capInsets":[19,18,19,17],"packable":true,"pixelsToUnit":100,"pivot":{"x":0.5,"y":0.5},"meshType":0}],[0],0,[0],[0],[0]],[[{"name":"Panel1","rect":{"x":3,"y":3,"width":188,"height":258},"offset":{"x":0,"y":0},"originalSize":{"width":188,"height":258},"rotated":true,"capInsets":[90,138,91,98],"packable":true,"pixelsToUnit":100,"pivot":{"x":0.5,"y":0.5},"meshType":0}],[0],0,[0],[0],[0]],[[{"name":"resume","rect":{"x":154,"y":823,"width":57,"height":54},"offset":{"x":0,"y":0},"originalSize":{"width":65,"height":64},"rotated":true,"capInsets":[0,0,0,0],"packable":true,"pixelsToUnit":100,"pivot":{"x":0.5,"y":0.5},"meshType":0}],[0],0,[0],[0],[0]],[[{"name":"frame1","rect":{"x":157,"y":613,"width":78,"height":80},"offset":{"x":0,"y":0},"originalSize":{"width":78,"height":80},"rotated":true,"capInsets":[36,38,40,39],"packable":true,"pixelsToUnit":100,"pivot":{"x":0.5,"y":0.5},"meshType":0}],[0],0,[0],[0],[0]]]]
