[1,["7dj5uJT9FMn6OrOOx83tfK@f9941","3dFfzifZVF8aWZ9YtVP/7L@6c48a","3dFfzifZVF8aWZ9YtVP/7L@f9941","95JZJmTk9GfrpLcPh8Yx1m","efsVwHkGhF67wq8+fH6XAw@f9941","efsVwHkGhF67wq8+fH6XAw@6c48a"],["node","_spriteFrame","_textureSource","root","uiOpacity","arrow","lbTip","main","background","data","_parent","_customMaterial"],[["cc.Sprite",["_sizeMode","_enabled","_type","node","__prefab","_spriteFrame","_color","_customMaterial"],0,1,4,6,5,6],["cc.Node",["_name","_layer","_components","_prefab","_children","_parent"],1,9,4,2,1],["cc.Widget",["_alignFlags","_originalWidth","_alignMode","_originalHeight","_left","_right","node","__prefab"],-3,1,4],"cc.SpriteFrame",["cc.Node",["_name","_layer","_components","_prefab","_children","_parent","_lpos"],1,12,4,2,1,5],["cc.Prefab",["_name"],2],["cc.UITransform",["node","__prefab","_contentSize"],3,1,4,5],["cc.CompPrefabInfo",["fileId"],2],["1299dU9LIZKZYHUUFIX6yux",["closeBg","node","__prefab","background","main","lbTip","arrow","uiOpacity"],2,1,4,1,1,1,1,1],["cc.PrefabInfo",["fileId","instance","targetOverrides","nestedPrefabInstanceRoots","root","asset"],-1,1,1],["cc.Mask",["_enabled","node","__prefab"],2,1,4],["cc.Graphics",["_enabled","node","__prefab","_fillColor"],2,1,4,5],["cc.Label",["_actualFontSize","_fontSize","_lineHeight","_overflow","_enableWrapText","_isBold","node","__prefab","_color"],-3,1,4,5],["cc.UIOpacity",["node","__prefab"],3,1,4]],[[7,0,2],[6,0,1,2,1],[9,0,1,2,3,4,5,5],[1,0,1,5,2,3,3],[2,0,1,3,2,6,7,5],[2,0,1,2,6,7,4],[5,0,2],[4,0,1,4,2,3,3],[4,0,1,5,2,3,6,3],[1,0,1,4,2,3,3],[1,0,1,5,4,2,3,3],[2,0,4,5,1,2,6,7,6],[8,0,1,2,3,4,5,6,7,2],[10,0,1,2,2],[11,0,1,2,3,2],[0,1,0,3,4,6,5,3],[0,2,0,3,4,7,5,3],[0,0,3,4,6,5,2],[0,0,3,4,5,2],[12,0,1,2,3,4,5,6,7,8,7],[13,0,1,1]],[[[{"name":"ndbs1","rect":{"x":0,"y":0,"width":633,"height":102},"offset":{"x":0,"y":0},"originalSize":{"width":633,"height":102},"rotated":false,"capInsets":[0,0,0,0],"vertices":{"rawPosition":[-316.5,-51,0,316.5,-51,0,-316.5,51,0,316.5,51,0],"indexes":[0,1,2,2,1,3],"uv":[0,102,633,102,0,0,633,0],"nuv":[0,0,1,0,0,1,1,1],"minPos":{"x":-316.5,"y":-51,"z":0},"maxPos":{"x":316.5,"y":51,"z":0}},"packable":true,"pixelsToUnit":100,"pivot":{"x":0.5,"y":0.5},"meshType":0}],[3],0,[0],[2],[1]],[[[6,"PopupHardTip"],[7,"PopupHardTip",1,[-11,-12],[[[1,-2,[0,"3cNGYaniZMMY/f5UV39iHI"],[5,720,1280]],[4,45,100,100,1,-3,[0,"aaKFVyrcRMQo7/CuZUOjq6"]],-4,[12,false,-10,[0,"76CGzQp8FNmZHr6v3ihDnH"],-9,-8,-7,-6,-5]],4,4,1,4],[2,"a4Fkv3hslI+b/q6+npdyxz",null,null,null,-1,0]],[9,"content",1,[-17,-18,-19],[[1,-13,[0,"0beeTC7KJAMqIsLWISrLfM"],[5,720,102]],[13,false,-14,[0,"2548TOCnpOaINsbMAGqF+j"]],[14,false,-15,[0,"fbjPQ6G15P0KMoCUL7AfxD"],[4,16777215]],[5,40,630,1,-16,[0,"ce1EoQp2JORZd2cHbHtNCZ"]]],[2,"1bC/MUfI5Fcb+KLxpWty1w",null,null,null,1,0]],[10,"main",1,1,[-22,2],[[1,-20,[0,"2aKLbR4OtHw7FTcIiE5jYX"],[5,720,1280]],[4,45,100,100,1,-21,[0,"3f8PW0YjdG+IeLbRR9Ks2O"]]],[2,"71hGF9H8VITJTHq3lruWQF",null,null,null,1,0]],[3,"background",1,1,[[1,-23,[0,"1bk6Q/Q75C8qAQS3pyNJPw"],[5,720,1280]],[15,false,0,-24,[0,"7arpueRe9OfYl8ZfB9axS5"],[4,503316480],0],[4,45,100,100,1,-25,[0,"b6i0EFel1AF5x4cfQcU7IA"]]],[2,"35ER4DjIpAq7Faeavmlbt5",null,null,null,1,0]],[3,"Arrow",1,2,[[1,-26,[0,"e8RZx7k/FP+YI3yrCpFKIT"],[5,720,91]],[16,2,0,-27,[0,"54FLyJMZxLWb0Z/AgQj6tF"],3,4],[5,40,610,1,-28,[0,"cd+DzYhphEMaLFinbrkTJe"]]],[2,"f518rDaGFDGKDzgJ7fKhv7",null,null,null,1,0]],[3,"background",1,3,[[1,-29,[0,"28y8+XlzhME4fAECkEuqER"],[5,720,1280]],[17,0,-30,[0,"18f1I8E+5FQIZ3ZCunDRda"],[4,838860800],1],[4,45,100,100,1,-31,[0,"b8B5FpPvVLPJ4OXVp7wY4x"]]],[2,"45KuZo2DdFGKSHnaEVhDRz",null,null,null,1,0]],[3,"Sprite",1,2,[[1,-32,[0,"76n0T6PhJCD4amz73oMs5C"],[5,723,102]],[18,0,-33,[0,"b0BDWb1KBJbbmieV0VlrBh"],2],[11,40,-1.5,-1.5,633,1,-34,[0,"efmaJihhFGz5IM6BGW/dlK"]]],[2,"0avZ1l2blOpJye9DXPQBiN",null,null,null,1,0]],[8,"LbTip",1,2,[[[1,-35,[0,"51XdJS1htKp5+yGZhGj5Pi"],[5,650,83.16]],-36],4,1],[2,"73DK5LkdxJl5hWNX5sUs7H",null,null,null,1,0],[1,-500,0,0]],[19,64,64,66,2,false,true,8,[0,"dcCr6DZMxDC6PGKnGCRWkV"],[4,16777215]],[20,1,[0,"d2Rukfao9LX6jt1/P3qnXb"]]],0,[0,3,1,0,0,1,0,0,1,0,-3,10,0,4,10,0,5,5,0,6,9,0,7,3,0,8,4,0,0,1,0,-1,4,0,-2,3,0,0,2,0,0,2,0,0,2,0,0,2,0,-1,7,0,-2,5,0,-3,8,0,0,3,0,0,3,0,-1,6,0,0,4,0,0,4,0,0,4,0,0,5,0,0,5,0,0,5,0,0,6,0,0,6,0,0,6,0,0,7,0,0,7,0,0,7,0,0,8,0,-2,9,0,9,1,2,10,3,36],[0,0,0,0,0],[1,1,1,11,1],[0,0,2,3,4]],[[{"name":"ndbs2","rect":{"x":0,"y":0,"width":610,"height":91},"offset":{"x":0,"y":0},"originalSize":{"width":610,"height":91},"rotated":false,"capInsets":[0,0,0,0],"vertices":{"rawPosition":[-305,-45.5,0,305,-45.5,0,-305,45.5,0,305,45.5,0],"indexes":[0,1,2,2,1,3],"uv":[0,91,610,91,0,0,610,0],"nuv":[0,0,1,0,0,1,1,1],"minPos":{"x":-305,"y":-45.5,"z":0},"maxPos":{"x":305,"y":45.5,"z":0}},"packable":false,"pixelsToUnit":100,"pivot":{"x":0.5,"y":0.5},"meshType":0}],[3],0,[0],[2],[5]]]]
