[1,["58oISXNFtAqKnFenH8uS/i@f9941","58oISXNFtAqKnFenH8uS/i@6c48a"],["spriteFrame","_textureSource"],["cc.SpriteFrame",["cc.BitmapFont",["_name","fontSize","fntConfig"],0]],[[1,0,1,2,4]],[[[[0,"num2",50,{"commonHeight":50,"fontSize":50,"atlasName":"num2_0.png","fontDefDictionary":{"48":{"xOffset":-1,"yOffset":-1,"xAdvance":39,"rect":{"x":0,"y":0,"width":41,"height":52}},"49":{"xOffset":-1,"yOffset":-1,"xAdvance":28,"rect":{"x":126,"y":54,"width":27,"height":50}},"50":{"xOffset":-1,"yOffset":-1,"xAdvance":36,"rect":{"x":46,"y":54,"width":38,"height":50}},"51":{"xOffset":-1,"yOffset":-1,"xAdvance":34,"rect":{"x":211,"y":0,"width":36,"height":51}},"52":{"xOffset":-1,"yOffset":-1,"xAdvance":42,"rect":{"x":0,"y":54,"width":44,"height":50}},"53":{"xOffset":-1,"yOffset":-1,"xAdvance":36,"rect":{"x":171,"y":0,"width":38,"height":51}},"54":{"xOffset":-1,"yOffset":-1,"xAdvance":38,"rect":{"x":129,"y":0,"width":40,"height":52}},"55":{"xOffset":-1,"yOffset":-1,"xAdvance":36,"rect":{"x":86,"y":54,"width":38,"height":50}},"56":{"xOffset":-1,"yOffset":-1,"xAdvance":39,"rect":{"x":43,"y":0,"width":41,"height":52}},"57":{"xOffset":-1,"yOffset":-1,"xAdvance":39,"rect":{"x":86,"y":0,"width":41,"height":52}}},"kerningDict":{}}]],0,0,[0],[0],[0]],[[{"name":"num2_0","rect":{"x":1,"y":1,"width":245,"height":102},"offset":{"x":-4.5,"y":76},"originalSize":{"width":256,"height":256},"rotated":false,"capInsets":[0,0,0,0],"vertices":{"rawPosition":[-122.5,-51,0,122.5,-51,0,-122.5,51,0,122.5,51,0],"indexes":[0,1,2,2,1,3],"uv":[1,255,246,255,1,153,246,153],"nuv":[0.00390625,0.59765625,0.9609375,0.59765625,0.00390625,0.99609375,0.9609375,0.99609375],"minPos":{"x":-122.5,"y":-51,"z":0},"maxPos":{"x":122.5,"y":51,"z":0}},"packable":true,"pixelsToUnit":100,"pivot":{"x":0.5,"y":0.5},"meshType":0}],[0],0,[0],[1],[1]]]]
